country,continent,year,metric,value
Albania,Europe,1952,gdpPercap,1601.056136
Albania,Europe,1952,lifeExp,55.23
Albania,Europe,1952,pop,1282697.0
Albania,Europe,1957,gdpPercap,1942.284244
Albania,Europe,1957,lifeExp,59.28
Albania,Europe,1957,pop,1476505.0
Albania,Europe,1962,gdpPercap,2312.888958
Albania,Europe,1962,lifeExp,64.82
Albania,Europe,1962,pop,1728137.0
Albania,Europe,1967,gdpPercap,2760.196931
Albania,Europe,1967,lifeExp,66.22
Albania,Europe,1967,pop,1984060.0
Albania,Europe,1972,gdpPercap,3313.422188
Albania,Europe,1972,lifeExp,67.69
Albania,Europe,1972,pop,2263554.0
Albania,Europe,1977,gdpPercap,3533.00391
Albania,Europe,1977,lifeExp,68.93
Albania,Europe,1977,pop,2509048.0
Albania,Europe,1982,gdpPercap,3630.880722
Albania,Europe,1982,lifeExp,70.42
Albania,Europe,1982,pop,2780097.0
Albania,Europe,1987,gdpPercap,3738.932735
Albania,Europe,1987,lifeExp,72.0
Albania,Europe,1987,pop,3075321.0
Albania,Europe,1992,gdpPercap,2497.437901
Albania,Europe,1992,lifeExp,71.581
Albania,Europe,1992,pop,3326498.0
Albania,Europe,1997,gdpPercap,3193.054604
Albania,Europe,1997,lifeExp,72.95
Albania,Europe,1997,pop,3428038.0
Albania,Europe,2002,gdpPercap,4604.211737
Albania,Europe,2002,lifeExp,75.651
Albania,Europe,2002,pop,3508512.0
Albania,Europe,2007,gdpPercap,5937.029526
Albania,Europe,2007,lifeExp,76.423
Albania,Europe,2007,pop,3600523.0
Austria,Europe,1952,gdpPercap,6137.076492
Austria,Europe,1952,lifeExp,66.8
Austria,Europe,1952,pop,6927772.0
Austria,Europe,1957,gdpPercap,8842.59803
Austria,Europe,1957,lifeExp,67.48
Austria,Europe,1957,pop,6965860.0
Austria,Europe,1962,gdpPercap,10750.72111
Austria,Europe,1962,lifeExp,69.54
Austria,Europe,1962,pop,7129864.0
Austria,Europe,1967,gdpPercap,12834.6024
Austria,Europe,1967,lifeExp,70.14
Austria,Europe,1967,pop,7376998.0
Austria,Europe,1972,gdpPercap,16661.6256
Austria,Europe,1972,lifeExp,70.63
Austria,Europe,1972,pop,7544201.0
Austria,Europe,1977,gdpPercap,19749.4223
Austria,Europe,1977,lifeExp,72.17
Austria,Europe,1977,pop,7568430.0
Austria,Europe,1982,gdpPercap,21597.08362
Austria,Europe,1982,lifeExp,73.18
Austria,Europe,1982,pop,7574613.0
Austria,Europe,1987,gdpPercap,23687.82607
Austria,Europe,1987,lifeExp,74.94
Austria,Europe,1987,pop,7578903.0
Austria,Europe,1992,gdpPercap,27042.01868
Austria,Europe,1992,lifeExp,76.04
Austria,Europe,1992,pop,7914969.0
Austria,Europe,1997,gdpPercap,29095.92066
Austria,Europe,1997,lifeExp,77.51
Austria,Europe,1997,pop,8069876.0
Austria,Europe,2002,gdpPercap,32417.60769
Austria,Europe,2002,lifeExp,78.98
Austria,Europe,2002,pop,8148312.0
Austria,Europe,2007,gdpPercap,36126.4927
Austria,Europe,2007,lifeExp,79.829
Austria,Europe,2007,pop,8199783.0
Belgium,Europe,1952,gdpPercap,8343.105127
Belgium,Europe,1952,lifeExp,68.0
Belgium,Europe,1952,pop,8730405.0
Belgium,Europe,1957,gdpPercap,9714.960623
Belgium,Europe,1957,lifeExp,69.24
Belgium,Europe,1957,pop,8989111.0
Belgium,Europe,1962,gdpPercap,10991.20676
Belgium,Europe,1962,lifeExp,70.25
Belgium,Europe,1962,pop,9218400.0
Belgium,Europe,1967,gdpPercap,13149.04119
Belgium,Europe,1967,lifeExp,70.94
Belgium,Europe,1967,pop,9556500.0
Belgium,Europe,1972,gdpPercap,16672.14356
Belgium,Europe,1972,lifeExp,71.44
Belgium,Europe,1972,pop,9709100.0
Belgium,Europe,1977,gdpPercap,19117.97448
Belgium,Europe,1977,lifeExp,72.8
Belgium,Europe,1977,pop,9821800.0
Belgium,Europe,1982,gdpPercap,20979.84589
Belgium,Europe,1982,lifeExp,73.93
Belgium,Europe,1982,pop,9856303.0
Belgium,Europe,1987,gdpPercap,22525.56308
Belgium,Europe,1987,lifeExp,75.35
Belgium,Europe,1987,pop,9870200.0
Belgium,Europe,1992,gdpPercap,25575.57069
Belgium,Europe,1992,lifeExp,76.46
Belgium,Europe,1992,pop,10045622.0
Belgium,Europe,1997,gdpPercap,27561.19663
Belgium,Europe,1997,lifeExp,77.53
Belgium,Europe,1997,pop,10199787.0
Belgium,Europe,2002,gdpPercap,30485.88375
Belgium,Europe,2002,lifeExp,78.32
Belgium,Europe,2002,pop,10311970.0
Belgium,Europe,2007,gdpPercap,33692.60508
Belgium,Europe,2007,lifeExp,79.441
Belgium,Europe,2007,pop,10392226.0
Bosnia and Herzegovina,Europe,1952,gdpPercap,973.5331948
Bosnia and Herzegovina,Europe,1952,lifeExp,53.82
Bosnia and Herzegovina,Europe,1952,pop,2791000.0
Bosnia and Herzegovina,Europe,1957,gdpPercap,1353.989176
Bosnia and Herzegovina,Europe,1957,lifeExp,58.45
Bosnia and Herzegovina,Europe,1957,pop,3076000.0
Bosnia and Herzegovina,Europe,1962,gdpPercap,1709.683679
Bosnia and Herzegovina,Europe,1962,lifeExp,61.93
Bosnia and Herzegovina,Europe,1962,pop,3349000.0
Bosnia and Herzegovina,Europe,1967,gdpPercap,2172.352423
Bosnia and Herzegovina,Europe,1967,lifeExp,64.79
Bosnia and Herzegovina,Europe,1967,pop,3585000.0
Bosnia and Herzegovina,Europe,1972,gdpPercap,2860.16975
Bosnia and Herzegovina,Europe,1972,lifeExp,67.45
Bosnia and Herzegovina,Europe,1972,pop,3819000.0
Bosnia and Herzegovina,Europe,1977,gdpPercap,3528.481305
Bosnia and Herzegovina,Europe,1977,lifeExp,69.86
Bosnia and Herzegovina,Europe,1977,pop,4086000.0
Bosnia and Herzegovina,Europe,1982,gdpPercap,4126.613157
Bosnia and Herzegovina,Europe,1982,lifeExp,70.69
Bosnia and Herzegovina,Europe,1982,pop,4172693.0
Bosnia and Herzegovina,Europe,1987,gdpPercap,4314.114757
Bosnia and Herzegovina,Europe,1987,lifeExp,71.14
Bosnia and Herzegovina,Europe,1987,pop,4338977.0
Bosnia and Herzegovina,Europe,1992,gdpPercap,2546.781445
Bosnia and Herzegovina,Europe,1992,lifeExp,72.178
Bosnia and Herzegovina,Europe,1992,pop,4256013.0
Bosnia and Herzegovina,Europe,1997,gdpPercap,4766.355904
Bosnia and Herzegovina,Europe,1997,lifeExp,73.244
Bosnia and Herzegovina,Europe,1997,pop,3607000.0
Bosnia and Herzegovina,Europe,2002,gdpPercap,6018.975239
Bosnia and Herzegovina,Europe,2002,lifeExp,74.09
Bosnia and Herzegovina,Europe,2002,pop,4165416.0
Bosnia and Herzegovina,Europe,2007,gdpPercap,7446.298803
Bosnia and Herzegovina,Europe,2007,lifeExp,74.852
Bosnia and Herzegovina,Europe,2007,pop,4552198.0
Bulgaria,Europe,1952,gdpPercap,2444.286648
Bulgaria,Europe,1952,lifeExp,59.6
Bulgaria,Europe,1952,pop,7274900.0
Bulgaria,Europe,1957,gdpPercap,3008.670727
Bulgaria,Europe,1957,lifeExp,66.61
Bulgaria,Europe,1957,pop,7651254.0
Bulgaria,Europe,1962,gdpPercap,4254.337839
Bulgaria,Europe,1962,lifeExp,69.51
Bulgaria,Europe,1962,pop,8012946.0
Bulgaria,Europe,1967,gdpPercap,5577.0028
Bulgaria,Europe,1967,lifeExp,70.42
Bulgaria,Europe,1967,pop,8310226.0
Bulgaria,Europe,1972,gdpPercap,6597.494398
Bulgaria,Europe,1972,lifeExp,70.9
Bulgaria,Europe,1972,pop,8576200.0
Bulgaria,Europe,1977,gdpPercap,7612.240438
Bulgaria,Europe,1977,lifeExp,70.81
Bulgaria,Europe,1977,pop,8797022.0
Bulgaria,Europe,1982,gdpPercap,8224.191647
Bulgaria,Europe,1982,lifeExp,71.08
Bulgaria,Europe,1982,pop,8892098.0
Bulgaria,Europe,1987,gdpPercap,8239.854824
Bulgaria,Europe,1987,lifeExp,71.34
Bulgaria,Europe,1987,pop,8971958.0
Bulgaria,Europe,1992,gdpPercap,6302.623438
Bulgaria,Europe,1992,lifeExp,71.19
Bulgaria,Europe,1992,pop,8658506.0
Bulgaria,Europe,1997,gdpPercap,5970.38876
Bulgaria,Europe,1997,lifeExp,70.32
Bulgaria,Europe,1997,pop,8066057.0
Bulgaria,Europe,2002,gdpPercap,7696.777725
Bulgaria,Europe,2002,lifeExp,72.14
Bulgaria,Europe,2002,pop,7661799.0
Bulgaria,Europe,2007,gdpPercap,10680.79282
Bulgaria,Europe,2007,lifeExp,73.005
Bulgaria,Europe,2007,pop,7322858.0
Croatia,Europe,1952,gdpPercap,3119.23652
Croatia,Europe,1952,lifeExp,61.21
Croatia,Europe,1952,pop,3882229.0
Croatia,Europe,1957,gdpPercap,4338.231617
Croatia,Europe,1957,lifeExp,64.77
Croatia,Europe,1957,pop,3991242.0
Croatia,Europe,1962,gdpPercap,5477.890018
Croatia,Europe,1962,lifeExp,67.13
Croatia,Europe,1962,pop,4076557.0
Croatia,Europe,1967,gdpPercap,6960.297861
Croatia,Europe,1967,lifeExp,68.5
Croatia,Europe,1967,pop,4174366.0
Croatia,Europe,1972,gdpPercap,9164.090127
Croatia,Europe,1972,lifeExp,69.61
Croatia,Europe,1972,pop,4225310.0
Croatia,Europe,1977,gdpPercap,11305.38517
Croatia,Europe,1977,lifeExp,70.64
Croatia,Europe,1977,pop,4318673.0
Croatia,Europe,1982,gdpPercap,13221.82184
Croatia,Europe,1982,lifeExp,70.46
Croatia,Europe,1982,pop,4413368.0
Croatia,Europe,1987,gdpPercap,13822.58394
Croatia,Europe,1987,lifeExp,71.52
Croatia,Europe,1987,pop,4484310.0
Croatia,Europe,1992,gdpPercap,8447.794873
Croatia,Europe,1992,lifeExp,72.527
Croatia,Europe,1992,pop,4494013.0
Croatia,Europe,1997,gdpPercap,9875.604515
Croatia,Europe,1997,lifeExp,73.68
Croatia,Europe,1997,pop,4444595.0
Croatia,Europe,2002,gdpPercap,11628.38895
Croatia,Europe,2002,lifeExp,74.876
Croatia,Europe,2002,pop,4481020.0
Croatia,Europe,2007,gdpPercap,14619.22272
Croatia,Europe,2007,lifeExp,75.748
Croatia,Europe,2007,pop,4493312.0
Czech Republic,Europe,1952,gdpPercap,6876.14025
Czech Republic,Europe,1952,lifeExp,66.87
Czech Republic,Europe,1952,pop,9125183.0
Czech Republic,Europe,1957,gdpPercap,8256.343918
Czech Republic,Europe,1957,lifeExp,69.03
Czech Republic,Europe,1957,pop,9513758.0
Czech Republic,Europe,1962,gdpPercap,10136.86713
Czech Republic,Europe,1962,lifeExp,69.9
Czech Republic,Europe,1962,pop,9620282.0
Czech Republic,Europe,1967,gdpPercap,11399.44489
Czech Republic,Europe,1967,lifeExp,70.38
Czech Republic,Europe,1967,pop,9835109.0
Czech Republic,Europe,1972,gdpPercap,13108.4536
Czech Republic,Europe,1972,lifeExp,70.29
Czech Republic,Europe,1972,pop,9862158.0
Czech Republic,Europe,1977,gdpPercap,14800.16062
Czech Republic,Europe,1977,lifeExp,70.71
Czech Republic,Europe,1977,pop,10161915.0
Czech Republic,Europe,1982,gdpPercap,15377.22855
Czech Republic,Europe,1982,lifeExp,70.96
Czech Republic,Europe,1982,pop,10303704.0
Czech Republic,Europe,1987,gdpPercap,16310.4434
Czech Republic,Europe,1987,lifeExp,71.58
Czech Republic,Europe,1987,pop,10311597.0
Czech Republic,Europe,1992,gdpPercap,14297.02122
Czech Republic,Europe,1992,lifeExp,72.4
Czech Republic,Europe,1992,pop,10315702.0
Czech Republic,Europe,1997,gdpPercap,16048.51424
Czech Republic,Europe,1997,lifeExp,74.01
Czech Republic,Europe,1997,pop,10300707.0
Czech Republic,Europe,2002,gdpPercap,17596.21022
Czech Republic,Europe,2002,lifeExp,75.51
Czech Republic,Europe,2002,pop,10256295.0
Czech Republic,Europe,2007,gdpPercap,22833.30851
Czech Republic,Europe,2007,lifeExp,76.486
Czech Republic,Europe,2007,pop,10228744.0
Denmark,Europe,1952,gdpPercap,9692.385245
Denmark,Europe,1952,lifeExp,70.78
Denmark,Europe,1952,pop,4334000.0
Denmark,Europe,1957,gdpPercap,11099.65935
Denmark,Europe,1957,lifeExp,71.81
Denmark,Europe,1957,pop,4487831.0
Denmark,Europe,1962,gdpPercap,13583.31351
Denmark,Europe,1962,lifeExp,72.35
Denmark,Europe,1962,pop,4646899.0
Denmark,Europe,1967,gdpPercap,15937.21123
Denmark,Europe,1967,lifeExp,72.96
Denmark,Europe,1967,pop,4838800.0
Denmark,Europe,1972,gdpPercap,18866.20721
Denmark,Europe,1972,lifeExp,73.47
Denmark,Europe,1972,pop,4991596.0
Denmark,Europe,1977,gdpPercap,20422.9015
Denmark,Europe,1977,lifeExp,74.69
Denmark,Europe,1977,pop,5088419.0
Denmark,Europe,1982,gdpPercap,21688.04048
Denmark,Europe,1982,lifeExp,74.63
Denmark,Europe,1982,pop,5117810.0
Denmark,Europe,1987,gdpPercap,25116.17581
Denmark,Europe,1987,lifeExp,74.8
Denmark,Europe,1987,pop,5127024.0
Denmark,Europe,1992,gdpPercap,26406.73985
Denmark,Europe,1992,lifeExp,75.33
Denmark,Europe,1992,pop,5171393.0
Denmark,Europe,1997,gdpPercap,29804.34567
Denmark,Europe,1997,lifeExp,76.11
Denmark,Europe,1997,pop,5283663.0
Denmark,Europe,2002,gdpPercap,32166.50006
Denmark,Europe,2002,lifeExp,77.18
Denmark,Europe,2002,pop,5374693.0
Denmark,Europe,2007,gdpPercap,35278.41874
Denmark,Europe,2007,lifeExp,78.332
Denmark,Europe,2007,pop,5468120.0
Finland,Europe,1952,gdpPercap,6424.519071
Finland,Europe,1952,lifeExp,66.55
Finland,Europe,1952,pop,4090500.0
Finland,Europe,1957,gdpPercap,7545.415386
Finland,Europe,1957,lifeExp,67.49
Finland,Europe,1957,pop,4324000.0
Finland,Europe,1962,gdpPercap,9371.842561
Finland,Europe,1962,lifeExp,68.75
Finland,Europe,1962,pop,4491443.0
Finland,Europe,1967,gdpPercap,10921.63626
Finland,Europe,1967,lifeExp,69.83
Finland,Europe,1967,pop,4605744.0
Finland,Europe,1972,gdpPercap,14358.8759
Finland,Europe,1972,lifeExp,70.87
Finland,Europe,1972,pop,4639657.0
Finland,Europe,1977,gdpPercap,15605.42283
Finland,Europe,1977,lifeExp,72.52
Finland,Europe,1977,pop,4738902.0
Finland,Europe,1982,gdpPercap,18533.15761
Finland,Europe,1982,lifeExp,74.55
Finland,Europe,1982,pop,4826933.0
Finland,Europe,1987,gdpPercap,21141.01223
Finland,Europe,1987,lifeExp,74.83
Finland,Europe,1987,pop,4931729.0
Finland,Europe,1992,gdpPercap,20647.16499
Finland,Europe,1992,lifeExp,75.7
Finland,Europe,1992,pop,5041039.0
Finland,Europe,1997,gdpPercap,23723.9502
Finland,Europe,1997,lifeExp,77.13
Finland,Europe,1997,pop,5134406.0
Finland,Europe,2002,gdpPercap,28204.59057
Finland,Europe,2002,lifeExp,78.37
Finland,Europe,2002,pop,5193039.0
Finland,Europe,2007,gdpPercap,33207.0844
Finland,Europe,2007,lifeExp,79.313
Finland,Europe,2007,pop,5238460.0
France,Europe,1952,gdpPercap,7029.809327
France,Europe,1952,lifeExp,67.41
France,Europe,1952,pop,42459667.0
France,Europe,1957,gdpPercap,8662.834898
France,Europe,1957,lifeExp,68.93
France,Europe,1957,pop,44310863.0
France,Europe,1962,gdpPercap,10560.48553
France,Europe,1962,lifeExp,70.51
France,Europe,1962,pop,47124000.0
France,Europe,1967,gdpPercap,12999.91766
France,Europe,1967,lifeExp,71.55
France,Europe,1967,pop,49569000.0
France,Europe,1972,gdpPercap,16107.19171
France,Europe,1972,lifeExp,72.38
France,Europe,1972,pop,51732000.0
France,Europe,1977,gdpPercap,18292.63514
France,Europe,1977,lifeExp,73.83
France,Europe,1977,pop,53165019.0
France,Europe,1982,gdpPercap,20293.89746
France,Europe,1982,lifeExp,74.89
France,Europe,1982,pop,54433565.0
France,Europe,1987,gdpPercap,22066.44214
France,Europe,1987,lifeExp,76.34
France,Europe,1987,pop,55630100.0
France,Europe,1992,gdpPercap,24703.79615
France,Europe,1992,lifeExp,77.46
France,Europe,1992,pop,57374179.0
France,Europe,1997,gdpPercap,25889.78487
France,Europe,1997,lifeExp,78.64
France,Europe,1997,pop,58623428.0
France,Europe,2002,gdpPercap,28926.03234
France,Europe,2002,lifeExp,79.59
France,Europe,2002,pop,59925035.0
France,Europe,2007,gdpPercap,30470.0167
France,Europe,2007,lifeExp,80.657
France,Europe,2007,pop,61083916.0
Germany,Europe,1952,gdpPercap,7144.114393
Germany,Europe,1952,lifeExp,67.5
Germany,Europe,1952,pop,69145952.0
Germany,Europe,1957,gdpPercap,10187.82665
Germany,Europe,1957,lifeExp,69.1
Germany,Europe,1957,pop,71019069.0
Germany,Europe,1962,gdpPercap,12902.46291
Germany,Europe,1962,lifeExp,70.3
Germany,Europe,1962,pop,73739117.0
Germany,Europe,1967,gdpPercap,14745.62561
Germany,Europe,1967,lifeExp,70.8
Germany,Europe,1967,pop,76368453.0
Germany,Europe,1972,gdpPercap,18016.18027
Germany,Europe,1972,lifeExp,71.0
Germany,Europe,1972,pop,78717088.0
Germany,Europe,1977,gdpPercap,20512.92123
Germany,Europe,1977,lifeExp,72.5
Germany,Europe,1977,pop,78160773.0
Germany,Europe,1982,gdpPercap,22031.53274
Germany,Europe,1982,lifeExp,73.8
Germany,Europe,1982,pop,78335266.0
Germany,Europe,1987,gdpPercap,24639.18566
Germany,Europe,1987,lifeExp,74.847
Germany,Europe,1987,pop,77718298.0
Germany,Europe,1992,gdpPercap,26505.30317
Germany,Europe,1992,lifeExp,76.07
Germany,Europe,1992,pop,80597764.0
Germany,Europe,1997,gdpPercap,27788.88416
Germany,Europe,1997,lifeExp,77.34
Germany,Europe,1997,pop,82011073.0
Germany,Europe,2002,gdpPercap,30035.80198
Germany,Europe,2002,lifeExp,78.67
Germany,Europe,2002,pop,82350671.0
Germany,Europe,2007,gdpPercap,32170.37442
Germany,Europe,2007,lifeExp,79.406
Germany,Europe,2007,pop,82400996.0
Greece,Europe,1952,gdpPercap,3530.690067
Greece,Europe,1952,lifeExp,65.86
Greece,Europe,1952,pop,7733250.0
Greece,Europe,1957,gdpPercap,4916.299889
Greece,Europe,1957,lifeExp,67.86
Greece,Europe,1957,pop,8096218.0
Greece,Europe,1962,gdpPercap,6017.190733
Greece,Europe,1962,lifeExp,69.51
Greece,Europe,1962,pop,8448233.0
Greece,Europe,1967,gdpPercap,8513.097016
Greece,Europe,1967,lifeExp,71.0
Greece,Europe,1967,pop,8716441.0
Greece,Europe,1972,gdpPercap,12724.82957
Greece,Europe,1972,lifeExp,72.34
Greece,Europe,1972,pop,8888628.0
Greece,Europe,1977,gdpPercap,14195.52428
Greece,Europe,1977,lifeExp,73.68
Greece,Europe,1977,pop,9308479.0
Greece,Europe,1982,gdpPercap,15268.42089
Greece,Europe,1982,lifeExp,75.24
Greece,Europe,1982,pop,9786480.0
Greece,Europe,1987,gdpPercap,16120.52839
Greece,Europe,1987,lifeExp,76.67
Greece,Europe,1987,pop,9974490.0
Greece,Europe,1992,gdpPercap,17541.49634
Greece,Europe,1992,lifeExp,77.03
Greece,Europe,1992,pop,10325429.0
Greece,Europe,1997,gdpPercap,18747.69814
Greece,Europe,1997,lifeExp,77.869
Greece,Europe,1997,pop,10502372.0
Greece,Europe,2002,gdpPercap,22514.2548
Greece,Europe,2002,lifeExp,78.256
Greece,Europe,2002,pop,10603863.0
Greece,Europe,2007,gdpPercap,27538.41188
Greece,Europe,2007,lifeExp,79.483
Greece,Europe,2007,pop,10706290.0
Hungary,Europe,1952,gdpPercap,5263.673816
Hungary,Europe,1952,lifeExp,64.03
Hungary,Europe,1952,pop,9504000.0
Hungary,Europe,1957,gdpPercap,6040.180011
Hungary,Europe,1957,lifeExp,66.41
Hungary,Europe,1957,pop,9839000.0
Hungary,Europe,1962,gdpPercap,7550.359877
Hungary,Europe,1962,lifeExp,67.96
Hungary,Europe,1962,pop,10063000.0
Hungary,Europe,1967,gdpPercap,9326.64467
Hungary,Europe,1967,lifeExp,69.5
Hungary,Europe,1967,pop,10223422.0
Hungary,Europe,1972,gdpPercap,10168.65611
Hungary,Europe,1972,lifeExp,69.76
Hungary,Europe,1972,pop,10394091.0
Hungary,Europe,1977,gdpPercap,11674.83737
Hungary,Europe,1977,lifeExp,69.95
Hungary,Europe,1977,pop,10637171.0
Hungary,Europe,1982,gdpPercap,12545.99066
Hungary,Europe,1982,lifeExp,69.39
Hungary,Europe,1982,pop,10705535.0
Hungary,Europe,1987,gdpPercap,12986.47998
Hungary,Europe,1987,lifeExp,69.58
Hungary,Europe,1987,pop,10612740.0
Hungary,Europe,1992,gdpPercap,10535.62855
Hungary,Europe,1992,lifeExp,69.17
Hungary,Europe,1992,pop,10348684.0
Hungary,Europe,1997,gdpPercap,11712.7768
Hungary,Europe,1997,lifeExp,71.04
Hungary,Europe,1997,pop,10244684.0
Hungary,Europe,2002,gdpPercap,14843.93556
Hungary,Europe,2002,lifeExp,72.59
Hungary,Europe,2002,pop,10083313.0
Hungary,Europe,2007,gdpPercap,18008.94444
Hungary,Europe,2007,lifeExp,73.338
Hungary,Europe,2007,pop,9956108.0
Iceland,Europe,1952,gdpPercap,7267.688428
Iceland,Europe,1952,lifeExp,72.49
Iceland,Europe,1952,pop,147962.0
Iceland,Europe,1957,gdpPercap,9244.001412
Iceland,Europe,1957,lifeExp,73.47
Iceland,Europe,1957,pop,165110.0
Iceland,Europe,1962,gdpPercap,10350.15906
Iceland,Europe,1962,lifeExp,73.68
Iceland,Europe,1962,pop,182053.0
Iceland,Europe,1967,gdpPercap,13319.89568
Iceland,Europe,1967,lifeExp,73.73
Iceland,Europe,1967,pop,198676.0
Iceland,Europe,1972,gdpPercap,15798.06362
Iceland,Europe,1972,lifeExp,74.46
Iceland,Europe,1972,pop,209275.0
Iceland,Europe,1977,gdpPercap,19654.96247
Iceland,Europe,1977,lifeExp,76.11
Iceland,Europe,1977,pop,221823.0
Iceland,Europe,1982,gdpPercap,23269.6075
Iceland,Europe,1982,lifeExp,76.99
Iceland,Europe,1982,pop,233997.0
Iceland,Europe,1987,gdpPercap,26923.20628
Iceland,Europe,1987,lifeExp,77.23
Iceland,Europe,1987,pop,244676.0
Iceland,Europe,1992,gdpPercap,25144.39201
Iceland,Europe,1992,lifeExp,78.77
Iceland,Europe,1992,pop,259012.0
Iceland,Europe,1997,gdpPercap,28061.09966
Iceland,Europe,1997,lifeExp,78.95
Iceland,Europe,1997,pop,271192.0
Iceland,Europe,2002,gdpPercap,31163.20196
Iceland,Europe,2002,lifeExp,80.5
Iceland,Europe,2002,pop,288030.0
Iceland,Europe,2007,gdpPercap,36180.78919
Iceland,Europe,2007,lifeExp,81.757
Iceland,Europe,2007,pop,301931.0
Ireland,Europe,1952,gdpPercap,5210.280328
Ireland,Europe,1952,lifeExp,66.91
Ireland,Europe,1952,pop,2952156.0
Ireland,Europe,1957,gdpPercap,5599.077872
Ireland,Europe,1957,lifeExp,68.9
Ireland,Europe,1957,pop,2878220.0
Ireland,Europe,1962,gdpPercap,6631.597314
Ireland,Europe,1962,lifeExp,70.29
Ireland,Europe,1962,pop,2830000.0
Ireland,Europe,1967,gdpPercap,7655.568963
Ireland,Europe,1967,lifeExp,71.08
Ireland,Europe,1967,pop,2900100.0
Ireland,Europe,1972,gdpPercap,9530.772896
Ireland,Europe,1972,lifeExp,71.28
Ireland,Europe,1972,pop,3024400.0
Ireland,Europe,1977,gdpPercap,11150.98113
Ireland,Europe,1977,lifeExp,72.03
Ireland,Europe,1977,pop,3271900.0
Ireland,Europe,1982,gdpPercap,12618.32141
Ireland,Europe,1982,lifeExp,73.1
Ireland,Europe,1982,pop,3480000.0
Ireland,Europe,1987,gdpPercap,13872.86652
Ireland,Europe,1987,lifeExp,74.36
Ireland,Europe,1987,pop,3539900.0
Ireland,Europe,1992,gdpPercap,17558.81555
Ireland,Europe,1992,lifeExp,75.467
Ireland,Europe,1992,pop,3557761.0
Ireland,Europe,1997,gdpPercap,24521.94713
Ireland,Europe,1997,lifeExp,76.122
Ireland,Europe,1997,pop,3667233.0
Ireland,Europe,2002,gdpPercap,34077.04939
Ireland,Europe,2002,lifeExp,77.783
Ireland,Europe,2002,pop,3879155.0
Ireland,Europe,2007,gdpPercap,40675.99635
Ireland,Europe,2007,lifeExp,78.885
Ireland,Europe,2007,pop,4109086.0
Italy,Europe,1952,gdpPercap,4931.404155
Italy,Europe,1952,lifeExp,65.94
Italy,Europe,1952,pop,47666000.0
Italy,Europe,1957,gdpPercap,6248.656232
Italy,Europe,1957,lifeExp,67.81
Italy,Europe,1957,pop,49182000.0
Italy,Europe,1962,gdpPercap,8243.58234
Italy,Europe,1962,lifeExp,69.24
Italy,Europe,1962,pop,50843200.0
Italy,Europe,1967,gdpPercap,10022.40131
Italy,Europe,1967,lifeExp,71.06
Italy,Europe,1967,pop,52667100.0
Italy,Europe,1972,gdpPercap,12269.27378
Italy,Europe,1972,lifeExp,72.19
Italy,Europe,1972,pop,54365564.0
Italy,Europe,1977,gdpPercap,14255.98475
Italy,Europe,1977,lifeExp,73.48
Italy,Europe,1977,pop,56059245.0
Italy,Europe,1982,gdpPercap,16537.4835
Italy,Europe,1982,lifeExp,74.98
Italy,Europe,1982,pop,56535636.0
Italy,Europe,1987,gdpPercap,19207.23482
Italy,Europe,1987,lifeExp,76.42
Italy,Europe,1987,pop,56729703.0
Italy,Europe,1992,gdpPercap,22013.64486
Italy,Europe,1992,lifeExp,77.44
Italy,Europe,1992,pop,56840847.0
Italy,Europe,1997,gdpPercap,24675.02446
Italy,Europe,1997,lifeExp,78.82
Italy,Europe,1997,pop,57479469.0
Italy,Europe,2002,gdpPercap,27968.09817
Italy,Europe,2002,lifeExp,80.24
Italy,Europe,2002,pop,57926999.0
Italy,Europe,2007,gdpPercap,28569.7197
Italy,Europe,2007,lifeExp,80.546
Italy,Europe,2007,pop,58147733.0
Montenegro,Europe,1952,gdpPercap,2647.585601
Montenegro,Europe,1952,lifeExp,59.164
Montenegro,Europe,1952,pop,413834.0
Montenegro,Europe,1957,gdpPercap,3682.259903
Montenegro,Europe,1957,lifeExp,61.448
Montenegro,Europe,1957,pop,442829.0
Montenegro,Europe,1962,gdpPercap,4649.593785
Montenegro,Europe,1962,lifeExp,63.728
Montenegro,Europe,1962,pop,474528.0
Montenegro,Europe,1967,gdpPercap,5907.850937
Montenegro,Europe,1967,lifeExp,67.178
Montenegro,Europe,1967,pop,501035.0
Montenegro,Europe,1972,gdpPercap,7778.414017
Montenegro,Europe,1972,lifeExp,70.636
Montenegro,Europe,1972,pop,527678.0
Montenegro,Europe,1977,gdpPercap,9595.929905
Montenegro,Europe,1977,lifeExp,73.066
Montenegro,Europe,1977,pop,560073.0
Montenegro,Europe,1982,gdpPercap,11222.58762
Montenegro,Europe,1982,lifeExp,74.101
Montenegro,Europe,1982,pop,562548.0
Montenegro,Europe,1987,gdpPercap,11732.51017
Montenegro,Europe,1987,lifeExp,74.865
Montenegro,Europe,1987,pop,569473.0
Montenegro,Europe,1992,gdpPercap,7003.339037
Montenegro,Europe,1992,lifeExp,75.435
Montenegro,Europe,1992,pop,621621.0
Montenegro,Europe,1997,gdpPercap,6465.613349
Montenegro,Europe,1997,lifeExp,75.445
Montenegro,Europe,1997,pop,692651.0
Montenegro,Europe,2002,gdpPercap,6557.194282
Montenegro,Europe,2002,lifeExp,73.981
Montenegro,Europe,2002,pop,720230.0
Montenegro,Europe,2007,gdpPercap,9253.896111
Montenegro,Europe,2007,lifeExp,74.543
Montenegro,Europe,2007,pop,684736.0
Netherlands,Europe,1952,gdpPercap,8941.571858
Netherlands,Europe,1952,lifeExp,72.13
Netherlands,Europe,1952,pop,10381988.0
Netherlands,Europe,1957,gdpPercap,11276.19344
Netherlands,Europe,1957,lifeExp,72.99
Netherlands,Europe,1957,pop,11026383.0
Netherlands,Europe,1962,gdpPercap,12790.84956
Netherlands,Europe,1962,lifeExp,73.23
Netherlands,Europe,1962,pop,11805689.0
Netherlands,Europe,1967,gdpPercap,15363.25136
Netherlands,Europe,1967,lifeExp,73.82
Netherlands,Europe,1967,pop,12596822.0
Netherlands,Europe,1972,gdpPercap,18794.74567
Netherlands,Europe,1972,lifeExp,73.75
Netherlands,Europe,1972,pop,13329874.0
Netherlands,Europe,1977,gdpPercap,21209.0592
Netherlands,Europe,1977,lifeExp,75.24
Netherlands,Europe,1977,pop,13852989.0
Netherlands,Europe,1982,gdpPercap,21399.46046
Netherlands,Europe,1982,lifeExp,76.05
Netherlands,Europe,1982,pop,14310401.0
Netherlands,Europe,1987,gdpPercap,23651.32361
Netherlands,Europe,1987,lifeExp,76.83
Netherlands,Europe,1987,pop,14665278.0
Netherlands,Europe,1992,gdpPercap,26790.94961
Netherlands,Europe,1992,lifeExp,77.42
Netherlands,Europe,1992,pop,15174244.0
Netherlands,Europe,1997,gdpPercap,30246.13063
Netherlands,Europe,1997,lifeExp,78.03
Netherlands,Europe,1997,pop,15604464.0
Netherlands,Europe,2002,gdpPercap,33724.75778
Netherlands,Europe,2002,lifeExp,78.53
Netherlands,Europe,2002,pop,16122830.0
Netherlands,Europe,2007,gdpPercap,36797.93332
Netherlands,Europe,2007,lifeExp,79.762
Netherlands,Europe,2007,pop,16570613.0
Norway,Europe,1952,gdpPercap,10095.42172
Norway,Europe,1952,lifeExp,72.67
Norway,Europe,1952,pop,3327728.0
Norway,Europe,1957,gdpPercap,11653.97304
Norway,Europe,1957,lifeExp,73.44
Norway,Europe,1957,pop,3491938.0
Norway,Europe,1962,gdpPercap,13450.40151
Norway,Europe,1962,lifeExp,73.47
Norway,Europe,1962,pop,3638919.0
Norway,Europe,1967,gdpPercap,16361.87647
Norway,Europe,1967,lifeExp,74.08
Norway,Europe,1967,pop,3786019.0
Norway,Europe,1972,gdpPercap,18965.05551
Norway,Europe,1972,lifeExp,74.34
Norway,Europe,1972,pop,3933004.0
Norway,Europe,1977,gdpPercap,23311.34939
Norway,Europe,1977,lifeExp,75.37
Norway,Europe,1977,pop,4043205.0
Norway,Europe,1982,gdpPercap,26298.63531
Norway,Europe,1982,lifeExp,75.97
Norway,Europe,1982,pop,4114787.0
Norway,Europe,1987,gdpPercap,31540.9748
Norway,Europe,1987,lifeExp,75.89
Norway,Europe,1987,pop,4186147.0
Norway,Europe,1992,gdpPercap,33965.66115
Norway,Europe,1992,lifeExp,77.32
Norway,Europe,1992,pop,4286357.0
Norway,Europe,1997,gdpPercap,41283.16433
Norway,Europe,1997,lifeExp,78.32
Norway,Europe,1997,pop,4405672.0
Norway,Europe,2002,gdpPercap,44683.97525
Norway,Europe,2002,lifeExp,79.05
Norway,Europe,2002,pop,4535591.0
Norway,Europe,2007,gdpPercap,49357.19017
Norway,Europe,2007,lifeExp,80.196
Norway,Europe,2007,pop,4627926.0
Poland,Europe,1952,gdpPercap,4029.329699
Poland,Europe,1952,lifeExp,61.31
Poland,Europe,1952,pop,25730551.0
Poland,Europe,1957,gdpPercap,4734.253019
Poland,Europe,1957,lifeExp,65.77
Poland,Europe,1957,pop,28235346.0
Poland,Europe,1962,gdpPercap,5338.752143
Poland,Europe,1962,lifeExp,67.64
Poland,Europe,1962,pop,30329617.0
Poland,Europe,1967,gdpPercap,6557.152776
Poland,Europe,1967,lifeExp,69.61
Poland,Europe,1967,pop,31785378.0
Poland,Europe,1972,gdpPercap,8006.506993
Poland,Europe,1972,lifeExp,70.85
Poland,Europe,1972,pop,33039545.0
Poland,Europe,1977,gdpPercap,9508.141454
Poland,Europe,1977,lifeExp,70.67
Poland,Europe,1977,pop,34621254.0
Poland,Europe,1982,gdpPercap,8451.531004
Poland,Europe,1982,lifeExp,71.32
Poland,Europe,1982,pop,36227381.0
Poland,Europe,1987,gdpPercap,9082.351172
Poland,Europe,1987,lifeExp,70.98
Poland,Europe,1987,pop,37740710.0
Poland,Europe,1992,gdpPercap,7738.881247
Poland,Europe,1992,lifeExp,70.99
Poland,Europe,1992,pop,38370697.0
Poland,Europe,1997,gdpPercap,10159.58368
Poland,Europe,1997,lifeExp,72.75
Poland,Europe,1997,pop,38654957.0
Poland,Europe,2002,gdpPercap,12002.23908
Poland,Europe,2002,lifeExp,74.67
Poland,Europe,2002,pop,38625976.0
Poland,Europe,2007,gdpPercap,15389.92468
Poland,Europe,2007,lifeExp,75.563
Poland,Europe,2007,pop,38518241.0
Portugal,Europe,1952,gdpPercap,3068.319867
Portugal,Europe,1952,lifeExp,59.82
Portugal,Europe,1952,pop,8526050.0
Portugal,Europe,1957,gdpPercap,3774.571743
Portugal,Europe,1957,lifeExp,61.51
Portugal,Europe,1957,pop,8817650.0
Portugal,Europe,1962,gdpPercap,4727.954889
Portugal,Europe,1962,lifeExp,64.39
Portugal,Europe,1962,pop,9019800.0
Portugal,Europe,1967,gdpPercap,6361.517993
Portugal,Europe,1967,lifeExp,66.6
Portugal,Europe,1967,pop,9103000.0
Portugal,Europe,1972,gdpPercap,9022.247417
Portugal,Europe,1972,lifeExp,69.26
Portugal,Europe,1972,pop,8970450.0
Portugal,Europe,1977,gdpPercap,10172.48572
Portugal,Europe,1977,lifeExp,70.41
Portugal,Europe,1977,pop,9662600.0
Portugal,Europe,1982,gdpPercap,11753.84291
Portugal,Europe,1982,lifeExp,72.77
Portugal,Europe,1982,pop,9859650.0
Portugal,Europe,1987,gdpPercap,13039.30876
Portugal,Europe,1987,lifeExp,74.06
Portugal,Europe,1987,pop,9915289.0
Portugal,Europe,1992,gdpPercap,16207.26663
Portugal,Europe,1992,lifeExp,74.86
Portugal,Europe,1992,pop,9927680.0
Portugal,Europe,1997,gdpPercap,17641.03156
Portugal,Europe,1997,lifeExp,75.97
Portugal,Europe,1997,pop,10156415.0
Portugal,Europe,2002,gdpPercap,19970.90787
Portugal,Europe,2002,lifeExp,77.29
Portugal,Europe,2002,pop,10433867.0
Portugal,Europe,2007,gdpPercap,20509.64777
Portugal,Europe,2007,lifeExp,78.098
Portugal,Europe,2007,pop,10642836.0
Romania,Europe,1952,gdpPercap,3144.613186
Romania,Europe,1952,lifeExp,61.05
Romania,Europe,1952,pop,16630000.0
Romania,Europe,1957,gdpPercap,3943.370225
Romania,Europe,1957,lifeExp,64.1
Romania,Europe,1957,pop,17829327.0
Romania,Europe,1962,gdpPercap,4734.997586
Romania,Europe,1962,lifeExp,66.8
Romania,Europe,1962,pop,18680721.0
Romania,Europe,1967,gdpPercap,6470.866545
Romania,Europe,1967,lifeExp,66.8
Romania,Europe,1967,pop,19284814.0
Romania,Europe,1972,gdpPercap,8011.414402
Romania,Europe,1972,lifeExp,69.21
Romania,Europe,1972,pop,20662648.0
Romania,Europe,1977,gdpPercap,9356.39724
Romania,Europe,1977,lifeExp,69.46
Romania,Europe,1977,pop,21658597.0
Romania,Europe,1982,gdpPercap,9605.314053
Romania,Europe,1982,lifeExp,69.66
Romania,Europe,1982,pop,22356726.0
Romania,Europe,1987,gdpPercap,9696.273295
Romania,Europe,1987,lifeExp,69.53
Romania,Europe,1987,pop,22686371.0
Romania,Europe,1992,gdpPercap,6598.409903
Romania,Europe,1992,lifeExp,69.36
Romania,Europe,1992,pop,22797027.0
Romania,Europe,1997,gdpPercap,7346.547557
Romania,Europe,1997,lifeExp,69.72
Romania,Europe,1997,pop,22562458.0
Romania,Europe,2002,gdpPercap,7885.360081
Romania,Europe,2002,lifeExp,71.322
Romania,Europe,2002,pop,22404337.0
Romania,Europe,2007,gdpPercap,10808.47561
Romania,Europe,2007,lifeExp,72.476
Romania,Europe,2007,pop,22276056.0
Serbia,Europe,1952,gdpPercap,3581.459448
Serbia,Europe,1952,lifeExp,57.996
Serbia,Europe,1952,pop,6860147.0
Serbia,Europe,1957,gdpPercap,4981.090891
Serbia,Europe,1957,lifeExp,61.685
Serbia,Europe,1957,pop,7271135.0
Serbia,Europe,1962,gdpPercap,6289.629157
Serbia,Europe,1962,lifeExp,64.531
Serbia,Europe,1962,pop,7616060.0
Serbia,Europe,1967,gdpPercap,7991.707066
Serbia,Europe,1967,lifeExp,66.914
Serbia,Europe,1967,pop,7971222.0
Serbia,Europe,1972,gdpPercap,10522.06749
Serbia,Europe,1972,lifeExp,68.7
Serbia,Europe,1972,pop,8313288.0
Serbia,Europe,1977,gdpPercap,12980.66956
Serbia,Europe,1977,lifeExp,70.3
Serbia,Europe,1977,pop,8686367.0
Serbia,Europe,1982,gdpPercap,15181.0927
Serbia,Europe,1982,lifeExp,70.162
Serbia,Europe,1982,pop,9032824.0
Serbia,Europe,1987,gdpPercap,15870.87851
Serbia,Europe,1987,lifeExp,71.218
Serbia,Europe,1987,pop,9230783.0
Serbia,Europe,1992,gdpPercap,9325.068238
Serbia,Europe,1992,lifeExp,71.659
Serbia,Europe,1992,pop,9826397.0
Serbia,Europe,1997,gdpPercap,7914.320304
Serbia,Europe,1997,lifeExp,72.232
Serbia,Europe,1997,pop,10336594.0
Serbia,Europe,2002,gdpPercap,7236.075251
Serbia,Europe,2002,lifeExp,73.213
Serbia,Europe,2002,pop,10111559.0
Serbia,Europe,2007,gdpPercap,9786.534714
Serbia,Europe,2007,lifeExp,74.002
Serbia,Europe,2007,pop,10150265.0
Slovak Republic,Europe,1952,gdpPercap,5074.659104
Slovak Republic,Europe,1952,lifeExp,64.36
Slovak Republic,Europe,1952,pop,3558137.0
Slovak Republic,Europe,1957,gdpPercap,6093.26298
Slovak Republic,Europe,1957,lifeExp,67.45
Slovak Republic,Europe,1957,pop,3844277.0
Slovak Republic,Europe,1962,gdpPercap,7481.107598
Slovak Republic,Europe,1962,lifeExp,70.33
Slovak Republic,Europe,1962,pop,4237384.0
Slovak Republic,Europe,1967,gdpPercap,8412.902397
Slovak Republic,Europe,1967,lifeExp,70.98
Slovak Republic,Europe,1967,pop,4442238.0
Slovak Republic,Europe,1972,gdpPercap,9674.167626
Slovak Republic,Europe,1972,lifeExp,70.35
Slovak Republic,Europe,1972,pop,4593433.0
Slovak Republic,Europe,1977,gdpPercap,10922.66404
Slovak Republic,Europe,1977,lifeExp,70.45
Slovak Republic,Europe,1977,pop,4827803.0
Slovak Republic,Europe,1982,gdpPercap,11348.54585
Slovak Republic,Europe,1982,lifeExp,70.8
Slovak Republic,Europe,1982,pop,5048043.0
Slovak Republic,Europe,1987,gdpPercap,12037.26758
Slovak Republic,Europe,1987,lifeExp,71.08
Slovak Republic,Europe,1987,pop,5199318.0
Slovak Republic,Europe,1992,gdpPercap,9498.467723
Slovak Republic,Europe,1992,lifeExp,71.38
Slovak Republic,Europe,1992,pop,5302888.0
Slovak Republic,Europe,1997,gdpPercap,12126.23065
Slovak Republic,Europe,1997,lifeExp,72.71
Slovak Republic,Europe,1997,pop,5383010.0
Slovak Republic,Europe,2002,gdpPercap,13638.77837
Slovak Republic,Europe,2002,lifeExp,73.8
Slovak Republic,Europe,2002,pop,5410052.0
Slovak Republic,Europe,2007,gdpPercap,18678.31435
Slovak Republic,Europe,2007,lifeExp,74.663
Slovak Republic,Europe,2007,pop,5447502.0
Slovenia,Europe,1952,gdpPercap,4215.041741
Slovenia,Europe,1952,lifeExp,65.57
Slovenia,Europe,1952,pop,1489518.0
Slovenia,Europe,1957,gdpPercap,5862.276629
Slovenia,Europe,1957,lifeExp,67.85
Slovenia,Europe,1957,pop,1533070.0
Slovenia,Europe,1962,gdpPercap,7402.303395
Slovenia,Europe,1962,lifeExp,69.15
Slovenia,Europe,1962,pop,1582962.0
Slovenia,Europe,1967,gdpPercap,9405.489397
Slovenia,Europe,1967,lifeExp,69.18
Slovenia,Europe,1967,pop,1646912.0
Slovenia,Europe,1972,gdpPercap,12383.4862
Slovenia,Europe,1972,lifeExp,69.82
Slovenia,Europe,1972,pop,1694510.0
Slovenia,Europe,1977,gdpPercap,15277.03017
Slovenia,Europe,1977,lifeExp,70.97
Slovenia,Europe,1977,pop,1746919.0
Slovenia,Europe,1982,gdpPercap,17866.72175
Slovenia,Europe,1982,lifeExp,71.063
Slovenia,Europe,1982,pop,1861252.0
Slovenia,Europe,1987,gdpPercap,18678.53492
Slovenia,Europe,1987,lifeExp,72.25
Slovenia,Europe,1987,pop,1945870.0
Slovenia,Europe,1992,gdpPercap,14214.71681
Slovenia,Europe,1992,lifeExp,73.64
Slovenia,Europe,1992,pop,1999210.0
Slovenia,Europe,1997,gdpPercap,17161.10735
Slovenia,Europe,1997,lifeExp,75.13
Slovenia,Europe,1997,pop,2011612.0
Slovenia,Europe,2002,gdpPercap,20660.01936
Slovenia,Europe,2002,lifeExp,76.66
Slovenia,Europe,2002,pop,2011497.0
Slovenia,Europe,2007,gdpPercap,25768.25759
Slovenia,Europe,2007,lifeExp,77.926
Slovenia,Europe,2007,pop,2009245.0
Spain,Europe,1952,gdpPercap,3834.034742
Spain,Europe,1952,lifeExp,64.94
Spain,Europe,1952,pop,28549870.0
Spain,Europe,1957,gdpPercap,4564.80241
Spain,Europe,1957,lifeExp,66.66
Spain,Europe,1957,pop,29841614.0
Spain,Europe,1962,gdpPercap,5693.843879
Spain,Europe,1962,lifeExp,69.69
Spain,Europe,1962,pop,31158061.0
Spain,Europe,1967,gdpPercap,7993.512294
Spain,Europe,1967,lifeExp,71.44
Spain,Europe,1967,pop,32850275.0
Spain,Europe,1972,gdpPercap,10638.75131
Spain,Europe,1972,lifeExp,73.06
Spain,Europe,1972,pop,34513161.0
Spain,Europe,1977,gdpPercap,13236.92117
Spain,Europe,1977,lifeExp,74.39
Spain,Europe,1977,pop,36439000.0
Spain,Europe,1982,gdpPercap,13926.16997
Spain,Europe,1982,lifeExp,76.3
Spain,Europe,1982,pop,37983310.0
Spain,Europe,1987,gdpPercap,15764.98313
Spain,Europe,1987,lifeExp,76.9
Spain,Europe,1987,pop,38880702.0
Spain,Europe,1992,gdpPercap,18603.06452
Spain,Europe,1992,lifeExp,77.57
Spain,Europe,1992,pop,39549438.0
Spain,Europe,1997,gdpPercap,20445.29896
Spain,Europe,1997,lifeExp,78.77
Spain,Europe,1997,pop,39855442.0
Spain,Europe,2002,gdpPercap,24835.47166
Spain,Europe,2002,lifeExp,79.78
Spain,Europe,2002,pop,40152517.0
Spain,Europe,2007,gdpPercap,28821.0637
Spain,Europe,2007,lifeExp,80.941
Spain,Europe,2007,pop,40448191.0
Sweden,Europe,1952,gdpPercap,8527.844662
Sweden,Europe,1952,lifeExp,71.86
Sweden,Europe,1952,pop,7124673.0
Sweden,Europe,1957,gdpPercap,9911.878226
Sweden,Europe,1957,lifeExp,72.49
Sweden,Europe,1957,pop,7363802.0
Sweden,Europe,1962,gdpPercap,12329.44192
Sweden,Europe,1962,lifeExp,73.37
Sweden,Europe,1962,pop,7561588.0
Sweden,Europe,1967,gdpPercap,15258.29697
Sweden,Europe,1967,lifeExp,74.16
Sweden,Europe,1967,pop,7867931.0
Sweden,Europe,1972,gdpPercap,17832.02464
Sweden,Europe,1972,lifeExp,74.72
Sweden,Europe,1972,pop,8122293.0
Sweden,Europe,1977,gdpPercap,18855.72521
Sweden,Europe,1977,lifeExp,75.44
Sweden,Europe,1977,pop,8251648.0
Sweden,Europe,1982,gdpPercap,20667.38125
Sweden,Europe,1982,lifeExp,76.42
Sweden,Europe,1982,pop,8325260.0
Sweden,Europe,1987,gdpPercap,23586.92927
Sweden,Europe,1987,lifeExp,77.19
Sweden,Europe,1987,pop,8421403.0
Sweden,Europe,1992,gdpPercap,23880.01683
Sweden,Europe,1992,lifeExp,78.16
Sweden,Europe,1992,pop,8718867.0
Sweden,Europe,1997,gdpPercap,25266.59499
Sweden,Europe,1997,lifeExp,79.39
Sweden,Europe,1997,pop,8897619.0
Sweden,Europe,2002,gdpPercap,29341.63093
Sweden,Europe,2002,lifeExp,80.04
Sweden,Europe,2002,pop,8954175.0
Sweden,Europe,2007,gdpPercap,33859.74835
Sweden,Europe,2007,lifeExp,80.884
Sweden,Europe,2007,pop,9031088.0
Switzerland,Europe,1952,gdpPercap,14734.23275
Switzerland,Europe,1952,lifeExp,69.62
Switzerland,Europe,1952,pop,4815000.0
Switzerland,Europe,1957,gdpPercap,17909.48973
Switzerland,Europe,1957,lifeExp,70.56
Switzerland,Europe,1957,pop,5126000.0
Switzerland,Europe,1962,gdpPercap,20431.0927
Switzerland,Europe,1962,lifeExp,71.32
Switzerland,Europe,1962,pop,5666000.0
Switzerland,Europe,1967,gdpPercap,22966.14432
Switzerland,Europe,1967,lifeExp,72.77
Switzerland,Europe,1967,pop,6063000.0
Switzerland,Europe,1972,gdpPercap,27195.11304
Switzerland,Europe,1972,lifeExp,73.78
Switzerland,Europe,1972,pop,6401400.0
Switzerland,Europe,1977,gdpPercap,26982.29052
Switzerland,Europe,1977,lifeExp,75.39
Switzerland,Europe,1977,pop,6316424.0
Switzerland,Europe,1982,gdpPercap,28397.71512
Switzerland,Europe,1982,lifeExp,76.21
Switzerland,Europe,1982,pop,6468126.0
Switzerland,Europe,1987,gdpPercap,30281.70459
Switzerland,Europe,1987,lifeExp,77.41
Switzerland,Europe,1987,pop,6649942.0
Switzerland,Europe,1992,gdpPercap,31871.5303
Switzerland,Europe,1992,lifeExp,78.03
Switzerland,Europe,1992,pop,6995447.0
Switzerland,Europe,1997,gdpPercap,32135.32301
Switzerland,Europe,1997,lifeExp,79.37
Switzerland,Europe,1997,pop,7193761.0
Switzerland,Europe,2002,gdpPercap,34480.95771
Switzerland,Europe,2002,lifeExp,80.62
Switzerland,Europe,2002,pop,7361757.0
Switzerland,Europe,2007,gdpPercap,37506.41907
Switzerland,Europe,2007,lifeExp,81.701
Switzerland,Europe,2007,pop,7554661.0
Turkey,Europe,1952,gdpPercap,1969.10098
Turkey,Europe,1952,lifeExp,43.585
Turkey,Europe,1952,pop,22235677.0
Turkey,Europe,1957,gdpPercap,2218.754257
Turkey,Europe,1957,lifeExp,48.079
Turkey,Europe,1957,pop,25670939.0
Turkey,Europe,1962,gdpPercap,2322.869908
Turkey,Europe,1962,lifeExp,52.098
Turkey,Europe,1962,pop,29788695.0
Turkey,Europe,1967,gdpPercap,2826.356387
Turkey,Europe,1967,lifeExp,54.336
Turkey,Europe,1967,pop,33411317.0
Turkey,Europe,1972,gdpPercap,3450.69638
Turkey,Europe,1972,lifeExp,57.005
Turkey,Europe,1972,pop,37492953.0
Turkey,Europe,1977,gdpPercap,4269.122326
Turkey,Europe,1977,lifeExp,59.507
Turkey,Europe,1977,pop,42404033.0
Turkey,Europe,1982,gdpPercap,4241.356344
Turkey,Europe,1982,lifeExp,61.036
Turkey,Europe,1982,pop,47328791.0
Turkey,Europe,1987,gdpPercap,5089.043686
Turkey,Europe,1987,lifeExp,63.108
Turkey,Europe,1987,pop,52881328.0
Turkey,Europe,1992,gdpPercap,5678.348271
Turkey,Europe,1992,lifeExp,66.146
Turkey,Europe,1992,pop,58179144.0
Turkey,Europe,1997,gdpPercap,6601.429915
Turkey,Europe,1997,lifeExp,68.835
Turkey,Europe,1997,pop,63047647.0
Turkey,Europe,2002,gdpPercap,6508.085718
Turkey,Europe,2002,lifeExp,70.845
Turkey,Europe,2002,pop,67308928.0
Turkey,Europe,2007,gdpPercap,8458.276384
Turkey,Europe,2007,lifeExp,71.777
Turkey,Europe,2007,pop,71158647.0
United Kingdom,Europe,1952,gdpPercap,9979.508487
United Kingdom,Europe,1952,lifeExp,69.18
United Kingdom,Europe,1952,pop,50430000.0
United Kingdom,Europe,1957,gdpPercap,11283.17795
United Kingdom,Europe,1957,lifeExp,70.42
United Kingdom,Europe,1957,pop,51430000.0
United Kingdom,Europe,1962,gdpPercap,12477.17707
United Kingdom,Europe,1962,lifeExp,70.76
United Kingdom,Europe,1962,pop,53292000.0
United Kingdom,Europe,1967,gdpPercap,14142.85089
United Kingdom,Europe,1967,lifeExp,71.36
United Kingdom,Europe,1967,pop,54959000.0
United Kingdom,Europe,1972,gdpPercap,15895.11641
United Kingdom,Europe,1972,lifeExp,72.01
United Kingdom,Europe,1972,pop,56079000.0
United Kingdom,Europe,1977,gdpPercap,17428.74846
United Kingdom,Europe,1977,lifeExp,72.76
United Kingdom,Europe,1977,pop,56179000.0
United Kingdom,Europe,1982,gdpPercap,18232.42452
United Kingdom,Europe,1982,lifeExp,74.04
United Kingdom,Europe,1982,pop,56339704.0
United Kingdom,Europe,1987,gdpPercap,21664.78767
United Kingdom,Europe,1987,lifeExp,75.007
United Kingdom,Europe,1987,pop,56981620.0
United Kingdom,Europe,1992,gdpPercap,22705.09254
United Kingdom,Europe,1992,lifeExp,76.42
United Kingdom,Europe,1992,pop,57866349.0
United Kingdom,Europe,1997,gdpPercap,26074.53136
United Kingdom,Europe,1997,lifeExp,77.218
United Kingdom,Europe,1997,pop,58808266.0
United Kingdom,Europe,2002,gdpPercap,29478.99919
United Kingdom,Europe,2002,lifeExp,78.471
United Kingdom,Europe,2002,pop,59912431.0
United Kingdom,Europe,2007,gdpPercap,33203.26128
United Kingdom,Europe,2007,lifeExp,79.425
United Kingdom,Europe,2007,pop,60776238.0
