country,continent,year,metric,value
Australia,Oceania,1952,gdpPercap,10039.59564
Australia,Oceania,1952,lifeExp,69.12
Australia,Oceania,1952,pop,8691212.0
Australia,Oceania,1957,gdpPercap,10949.64959
Australia,Oceania,1957,lifeExp,70.33
Australia,Oceania,1957,pop,9712569.0
Australia,Oceania,1962,gdpPercap,12217.22686
Australia,Oceania,1962,lifeExp,70.93
Australia,Oceania,1962,pop,10794968.0
Australia,Oceania,1967,gdpPercap,14526.12465
Australia,Oceania,1967,lifeExp,71.1
Australia,Oceania,1967,pop,11872264.0
Australia,Oceania,1972,gdpPercap,16788.62948
Australia,Oceania,1972,lifeExp,71.93
Australia,Oceania,1972,pop,13177000.0
Australia,Oceania,1977,gdpPercap,18334.19751
Australia,Oceania,1977,lifeExp,73.49
Australia,Oceania,1977,pop,14074100.0
Australia,Oceania,1982,gdpPercap,19477.00928
Australia,Oceania,1982,lifeExp,74.74
Australia,Oceania,1982,pop,15184200.0
Australia,Oceania,1987,gdpPercap,21888.88903
Australia,Oceania,1987,lifeExp,76.32
Australia,Oceania,1987,pop,16257249.0
Australia,Oceania,1992,gdpPercap,23424.76683
Australia,Oceania,1992,lifeExp,77.56
Australia,Oceania,1992,pop,17481977.0
Australia,Oceania,1997,gdpPercap,26997.93657
Australia,Oceania,1997,lifeExp,78.83
Australia,Oceania,1997,pop,18565243.0
Australia,Oceania,2002,gdpPercap,30687.75473
Australia,Oceania,2002,lifeExp,80.37
Australia,Oceania,2002,pop,19546792.0
Australia,Oceania,2007,gdpPercap,34435.36744
Australia,Oceania,2007,lifeExp,81.235
Australia,Oceania,2007,pop,20434176.0
New Zealand,Oceania,1952,gdpPercap,10556.57566
New Zealand,Oceania,1952,lifeExp,69.39
New Zealand,Oceania,1952,pop,1994794.0
New Zealand,Oceania,1957,gdpPercap,12247.39532
New Zealand,Oceania,1957,lifeExp,70.26
New Zealand,Oceania,1957,pop,2229407.0
New Zealand,Oceania,1962,gdpPercap,13175.678
New Zealand,Oceania,1962,lifeExp,71.24
New Zealand,Oceania,1962,pop,2488550.0
New Zealand,Oceania,1967,gdpPercap,14463.91893
New Zealand,Oceania,1967,lifeExp,71.52
New Zealand,Oceania,1967,pop,2728150.0
New Zealand,Oceania,1972,gdpPercap,16046.03728
New Zealand,Oceania,1972,lifeExp,71.89
New Zealand,Oceania,1972,pop,2929100.0
New Zealand,Oceania,1977,gdpPercap,16233.7177
New Zealand,Oceania,1977,lifeExp,72.22
New Zealand,Oceania,1977,pop,3164900.0
New Zealand,Oceania,1982,gdpPercap,17632.4104
New Zealand,Oceania,1982,lifeExp,73.84
New Zealand,Oceania,1982,pop,3210650.0
New Zealand,Oceania,1987,gdpPercap,19007.19129
New Zealand,Oceania,1987,lifeExp,74.32
New Zealand,Oceania,1987,pop,3317166.0
New Zealand,Oceania,1992,gdpPercap,18363.32494
New Zealand,Oceania,1992,lifeExp,76.33
New Zealand,Oceania,1992,pop,3437674.0
New Zealand,Oceania,1997,gdpPercap,21050.41377
New Zealand,Oceania,1997,lifeExp,77.55
New Zealand,Oceania,1997,pop,3676187.0
New Zealand,Oceania,2002,gdpPercap,23189.80135
New Zealand,Oceania,2002,lifeExp,79.11
New Zealand,Oceania,2002,pop,3908037.0
New Zealand,Oceania,2007,gdpPercap,25185.00911
New Zealand,Oceania,2007,lifeExp,80.204
New Zealand,Oceania,2007,pop,4115771.0
