country,continent,year,metric,value
Argentina,Americas,1952,gdpPercap,5911.315053
Argentina,Americas,1952,lifeExp,62.485
Argentina,Americas,1952,pop,17876956.0
Argentina,Americas,1957,gdpPercap,6856.856212
Argentina,Americas,1957,lifeExp,64.399
Argentina,Americas,1957,pop,19610538.0
Argentina,Americas,1962,gdpPercap,7133.166023
Argentina,Americas,1962,lifeExp,65.142
Argentina,Americas,1962,pop,21283783.0
Argentina,Americas,1967,gdpPercap,8052.953021
Argentina,Americas,1967,lifeExp,65.634
Argentina,Americas,1967,pop,22934225.0
Argentina,Americas,1972,gdpPercap,9443.038526
Argentina,Americas,1972,lifeExp,67.065
Argentina,Americas,1972,pop,24779799.0
Argentina,Americas,1977,gdpPercap,10079.02674
Argentina,Americas,1977,lifeExp,68.481
Argentina,Americas,1977,pop,26983828.0
Argentina,Americas,1982,gdpPercap,8997.897412
Argentina,Americas,1982,lifeExp,69.942
Argentina,Americas,1982,pop,29341374.0
Argentina,Americas,1987,gdpPercap,9139.671389
Argentina,Americas,1987,lifeExp,70.774
Argentina,Americas,1987,pop,31620918.0
Argentina,Americas,1992,gdpPercap,9308.41871
Argentina,Americas,1992,lifeExp,71.868
Argentina,Americas,1992,pop,33958947.0
Argentina,Americas,1997,gdpPercap,10967.28195
Argentina,Americas,1997,lifeExp,73.275
Argentina,Americas,1997,pop,36203463.0
Argentina,Americas,2002,gdpPercap,8797.640716
Argentina,Americas,2002,lifeExp,74.34
Argentina,Americas,2002,pop,38331121.0
Argentina,Americas,2007,gdpPercap,12779.37964
Argentina,Americas,2007,lifeExp,75.32
Argentina,Americas,2007,pop,40301927.0
Bolivia,Americas,1952,gdpPercap,2677.326347
Bolivia,Americas,1952,lifeExp,40.414
Bolivia,Americas,1952,pop,2883315.0
Bolivia,Americas,1957,gdpPercap,2127.686326
Bolivia,Americas,1957,lifeExp,41.89
Bolivia,Americas,1957,pop,3211738.0
Bolivia,Americas,1962,gdpPercap,2180.972546
Bolivia,Americas,1962,lifeExp,43.428
Bolivia,Americas,1962,pop,3593918.0
Bolivia,Americas,1967,gdpPercap,2586.886053
Bolivia,Americas,1967,lifeExp,45.032
Bolivia,Americas,1967,pop,4040665.0
Bolivia,Americas,1972,gdpPercap,2980.331339
Bolivia,Americas,1972,lifeExp,46.714
Bolivia,Americas,1972,pop,4565872.0
Bolivia,Americas,1977,gdpPercap,3548.097832
Bolivia,Americas,1977,lifeExp,50.023
Bolivia,Americas,1977,pop,5079716.0
Bolivia,Americas,1982,gdpPercap,3156.510452
Bolivia,Americas,1982,lifeExp,53.859
Bolivia,Americas,1982,pop,5642224.0
Bolivia,Americas,1987,gdpPercap,2753.69149
Bolivia,Americas,1987,lifeExp,57.251
Bolivia,Americas,1987,pop,6156369.0
Bolivia,Americas,1992,gdpPercap,2961.699694
Bolivia,Americas,1992,lifeExp,59.957
Bolivia,Americas,1992,pop,6893451.0
Bolivia,Americas,1997,gdpPercap,3326.143191
Bolivia,Americas,1997,lifeExp,62.05
Bolivia,Americas,1997,pop,7693188.0
Bolivia,Americas,2002,gdpPercap,3413.26269
Bolivia,Americas,2002,lifeExp,63.883
Bolivia,Americas,2002,pop,8445134.0
Bolivia,Americas,2007,gdpPercap,3822.137084
Bolivia,Americas,2007,lifeExp,65.554
Bolivia,Americas,2007,pop,9119152.0
Brazil,Americas,1952,gdpPercap,2108.944355
Brazil,Americas,1952,lifeExp,50.917
Brazil,Americas,1952,pop,56602560.0
Brazil,Americas,1957,gdpPercap,2487.365989
Brazil,Americas,1957,lifeExp,53.285
Brazil,Americas,1957,pop,65551171.0
Brazil,Americas,1962,gdpPercap,3336.585802
Brazil,Americas,1962,lifeExp,55.665
Brazil,Americas,1962,pop,76039390.0
Brazil,Americas,1967,gdpPercap,3429.864357
Brazil,Americas,1967,lifeExp,57.632
Brazil,Americas,1967,pop,88049823.0
Brazil,Americas,1972,gdpPercap,4985.711467
Brazil,Americas,1972,lifeExp,59.504
Brazil,Americas,1972,pop,100840058.0
Brazil,Americas,1977,gdpPercap,6660.118654
Brazil,Americas,1977,lifeExp,61.489
Brazil,Americas,1977,pop,114313951.0
Brazil,Americas,1982,gdpPercap,7030.835878
Brazil,Americas,1982,lifeExp,63.336
Brazil,Americas,1982,pop,128962939.0
Brazil,Americas,1987,gdpPercap,7807.095818
Brazil,Americas,1987,lifeExp,65.205
Brazil,Americas,1987,pop,142938076.0
Brazil,Americas,1992,gdpPercap,6950.283021
Brazil,Americas,1992,lifeExp,67.057
Brazil,Americas,1992,pop,155975974.0
Brazil,Americas,1997,gdpPercap,7957.980824
Brazil,Americas,1997,lifeExp,69.388
Brazil,Americas,1997,pop,168546719.0
Brazil,Americas,2002,gdpPercap,8131.212843
Brazil,Americas,2002,lifeExp,71.006
Brazil,Americas,2002,pop,179914212.0
Brazil,Americas,2007,gdpPercap,9065.800825
Brazil,Americas,2007,lifeExp,72.39
Brazil,Americas,2007,pop,190010647.0
Canada,Americas,1952,gdpPercap,11367.16112
Canada,Americas,1952,lifeExp,68.75
Canada,Americas,1952,pop,14785584.0
Canada,Americas,1957,gdpPercap,12489.95006
Canada,Americas,1957,lifeExp,69.96
Canada,Americas,1957,pop,17010154.0
Canada,Americas,1962,gdpPercap,13462.48555
Canada,Americas,1962,lifeExp,71.3
Canada,Americas,1962,pop,18985849.0
Canada,Americas,1967,gdpPercap,16076.58803
Canada,Americas,1967,lifeExp,72.13
Canada,Americas,1967,pop,20819767.0
Canada,Americas,1972,gdpPercap,18970.57086
Canada,Americas,1972,lifeExp,72.88
Canada,Americas,1972,pop,22284500.0
Canada,Americas,1977,gdpPercap,22090.88306
Canada,Americas,1977,lifeExp,74.21
Canada,Americas,1977,pop,23796400.0
Canada,Americas,1982,gdpPercap,22898.79214
Canada,Americas,1982,lifeExp,75.76
Canada,Americas,1982,pop,25201900.0
Canada,Americas,1987,gdpPercap,26626.51503
Canada,Americas,1987,lifeExp,76.86
Canada,Americas,1987,pop,26549700.0
Canada,Americas,1992,gdpPercap,26342.88426
Canada,Americas,1992,lifeExp,77.95
Canada,Americas,1992,pop,28523502.0
Canada,Americas,1997,gdpPercap,28954.92589
Canada,Americas,1997,lifeExp,78.61
Canada,Americas,1997,pop,30305843.0
Canada,Americas,2002,gdpPercap,33328.96507
Canada,Americas,2002,lifeExp,79.77
Canada,Americas,2002,pop,31902268.0
Canada,Americas,2007,gdpPercap,36319.23501
Canada,Americas,2007,lifeExp,80.653
Canada,Americas,2007,pop,33390141.0
Chile,Americas,1952,gdpPercap,3939.978789
Chile,Americas,1952,lifeExp,54.745
Chile,Americas,1952,pop,6377619.0
Chile,Americas,1957,gdpPercap,4315.622723
Chile,Americas,1957,lifeExp,56.074
Chile,Americas,1957,pop,7048426.0
Chile,Americas,1962,gdpPercap,4519.094331
Chile,Americas,1962,lifeExp,57.924
Chile,Americas,1962,pop,7961258.0
Chile,Americas,1967,gdpPercap,5106.654313
Chile,Americas,1967,lifeExp,60.523
Chile,Americas,1967,pop,8858908.0
Chile,Americas,1972,gdpPercap,5494.024437
Chile,Americas,1972,lifeExp,63.441
Chile,Americas,1972,pop,9717524.0
Chile,Americas,1977,gdpPercap,4756.763836
Chile,Americas,1977,lifeExp,67.052
Chile,Americas,1977,pop,10599793.0
Chile,Americas,1982,gdpPercap,5095.665738
Chile,Americas,1982,lifeExp,70.565
Chile,Americas,1982,pop,11487112.0
Chile,Americas,1987,gdpPercap,5547.063754
Chile,Americas,1987,lifeExp,72.492
Chile,Americas,1987,pop,12463354.0
Chile,Americas,1992,gdpPercap,7596.125964
Chile,Americas,1992,lifeExp,74.126
Chile,Americas,1992,pop,13572994.0
Chile,Americas,1997,gdpPercap,10118.05318
Chile,Americas,1997,lifeExp,75.816
Chile,Americas,1997,pop,14599929.0
Chile,Americas,2002,gdpPercap,10778.78385
Chile,Americas,2002,lifeExp,77.86
Chile,Americas,2002,pop,15497046.0
Chile,Americas,2007,gdpPercap,13171.63885
Chile,Americas,2007,lifeExp,78.553
Chile,Americas,2007,pop,16284741.0
Colombia,Americas,1952,gdpPercap,2144.115096
Colombia,Americas,1952,lifeExp,50.643
Colombia,Americas,1952,pop,12350771.0
Colombia,Americas,1957,gdpPercap,2323.805581
Colombia,Americas,1957,lifeExp,55.118
Colombia,Americas,1957,pop,14485993.0
Colombia,Americas,1962,gdpPercap,2492.351109
Colombia,Americas,1962,lifeExp,57.863
Colombia,Americas,1962,pop,17009885.0
Colombia,Americas,1967,gdpPercap,2678.729839
Colombia,Americas,1967,lifeExp,59.963
Colombia,Americas,1967,pop,19764027.0
Colombia,Americas,1972,gdpPercap,3264.660041
Colombia,Americas,1972,lifeExp,61.623
Colombia,Americas,1972,pop,22542890.0
Colombia,Americas,1977,gdpPercap,3815.80787
Colombia,Americas,1977,lifeExp,63.837
Colombia,Americas,1977,pop,25094412.0
Colombia,Americas,1982,gdpPercap,4397.575659
Colombia,Americas,1982,lifeExp,66.653
Colombia,Americas,1982,pop,27764644.0
Colombia,Americas,1987,gdpPercap,4903.2191
Colombia,Americas,1987,lifeExp,67.768
Colombia,Americas,1987,pop,30964245.0
Colombia,Americas,1992,gdpPercap,5444.648617
Colombia,Americas,1992,lifeExp,68.421
Colombia,Americas,1992,pop,34202721.0
Colombia,Americas,1997,gdpPercap,6117.361746
Colombia,Americas,1997,lifeExp,70.313
Colombia,Americas,1997,pop,37657830.0
Colombia,Americas,2002,gdpPercap,5755.259962
Colombia,Americas,2002,lifeExp,71.682
Colombia,Americas,2002,pop,41008227.0
Colombia,Americas,2007,gdpPercap,7006.580419
Colombia,Americas,2007,lifeExp,72.889
Colombia,Americas,2007,pop,44227550.0
Costa Rica,Americas,1952,gdpPercap,2627.009471
Costa Rica,Americas,1952,lifeExp,57.206
Costa Rica,Americas,1952,pop,926317.0
Costa Rica,Americas,1957,gdpPercap,2990.010802
Costa Rica,Americas,1957,lifeExp,60.026
Costa Rica,Americas,1957,pop,1112300.0
Costa Rica,Americas,1962,gdpPercap,3460.937025
Costa Rica,Americas,1962,lifeExp,62.842
Costa Rica,Americas,1962,pop,1345187.0
Costa Rica,Americas,1967,gdpPercap,4161.727834
Costa Rica,Americas,1967,lifeExp,65.424
Costa Rica,Americas,1967,pop,1588717.0
Costa Rica,Americas,1972,gdpPercap,5118.146939
Costa Rica,Americas,1972,lifeExp,67.849
Costa Rica,Americas,1972,pop,1834796.0
Costa Rica,Americas,1977,gdpPercap,5926.876967
Costa Rica,Americas,1977,lifeExp,70.75
Costa Rica,Americas,1977,pop,2108457.0
Costa Rica,Americas,1982,gdpPercap,5262.734751
Costa Rica,Americas,1982,lifeExp,73.45
Costa Rica,Americas,1982,pop,2424367.0
Costa Rica,Americas,1987,gdpPercap,5629.915318
Costa Rica,Americas,1987,lifeExp,74.752
Costa Rica,Americas,1987,pop,2799811.0
Costa Rica,Americas,1992,gdpPercap,6160.416317
Costa Rica,Americas,1992,lifeExp,75.713
Costa Rica,Americas,1992,pop,3173216.0
Costa Rica,Americas,1997,gdpPercap,6677.045314
Costa Rica,Americas,1997,lifeExp,77.26
Costa Rica,Americas,1997,pop,3518107.0
Costa Rica,Americas,2002,gdpPercap,7723.447195
Costa Rica,Americas,2002,lifeExp,78.123
Costa Rica,Americas,2002,pop,3834934.0
Costa Rica,Americas,2007,gdpPercap,9645.06142
Costa Rica,Americas,2007,lifeExp,78.782
Costa Rica,Americas,2007,pop,4133884.0
Cuba,Americas,1952,gdpPercap,5586.53878
Cuba,Americas,1952,lifeExp,59.421
Cuba,Americas,1952,pop,6007797.0
Cuba,Americas,1957,gdpPercap,6092.174359
Cuba,Americas,1957,lifeExp,62.325
Cuba,Americas,1957,pop,6640752.0
Cuba,Americas,1962,gdpPercap,5180.75591
Cuba,Americas,1962,lifeExp,65.246
Cuba,Americas,1962,pop,7254373.0
Cuba,Americas,1967,gdpPercap,5690.268015
Cuba,Americas,1967,lifeExp,68.29
Cuba,Americas,1967,pop,8139332.0
Cuba,Americas,1972,gdpPercap,5305.445256
Cuba,Americas,1972,lifeExp,70.723
Cuba,Americas,1972,pop,8831348.0
Cuba,Americas,1977,gdpPercap,6380.494966
Cuba,Americas,1977,lifeExp,72.649
Cuba,Americas,1977,pop,9537988.0
Cuba,Americas,1982,gdpPercap,7316.918107
Cuba,Americas,1982,lifeExp,73.717
Cuba,Americas,1982,pop,9789224.0
Cuba,Americas,1987,gdpPercap,7532.924763
Cuba,Americas,1987,lifeExp,74.174
Cuba,Americas,1987,pop,10239839.0
Cuba,Americas,1992,gdpPercap,5592.843963
Cuba,Americas,1992,lifeExp,74.414
Cuba,Americas,1992,pop,10723260.0
Cuba,Americas,1997,gdpPercap,5431.990415
Cuba,Americas,1997,lifeExp,76.151
Cuba,Americas,1997,pop,10983007.0
Cuba,Americas,2002,gdpPercap,6340.646683
Cuba,Americas,2002,lifeExp,77.158
Cuba,Americas,2002,pop,11226999.0
Cuba,Americas,2007,gdpPercap,8948.102923
Cuba,Americas,2007,lifeExp,78.273
Cuba,Americas,2007,pop,11416987.0
Dominican Republic,Americas,1952,gdpPercap,1397.717137
Dominican Republic,Americas,1952,lifeExp,45.928
Dominican Republic,Americas,1952,pop,2491346.0
Dominican Republic,Americas,1957,gdpPercap,1544.402995
Dominican Republic,Americas,1957,lifeExp,49.828
Dominican Republic,Americas,1957,pop,2923186.0
Dominican Republic,Americas,1962,gdpPercap,1662.137359
Dominican Republic,Americas,1962,lifeExp,53.459
Dominican Republic,Americas,1962,pop,3453434.0
Dominican Republic,Americas,1967,gdpPercap,1653.723003
Dominican Republic,Americas,1967,lifeExp,56.751
Dominican Republic,Americas,1967,pop,4049146.0
Dominican Republic,Americas,1972,gdpPercap,2189.874499
Dominican Republic,Americas,1972,lifeExp,59.631
Dominican Republic,Americas,1972,pop,4671329.0
Dominican Republic,Americas,1977,gdpPercap,2681.9889
Dominican Republic,Americas,1977,lifeExp,61.788
Dominican Republic,Americas,1977,pop,5302800.0
Dominican Republic,Americas,1982,gdpPercap,2861.092386
Dominican Republic,Americas,1982,lifeExp,63.727
Dominican Republic,Americas,1982,pop,5968349.0
Dominican Republic,Americas,1987,gdpPercap,2899.842175
Dominican Republic,Americas,1987,lifeExp,66.046
Dominican Republic,Americas,1987,pop,6655297.0
Dominican Republic,Americas,1992,gdpPercap,3044.214214
Dominican Republic,Americas,1992,lifeExp,68.457
Dominican Republic,Americas,1992,pop,7351181.0
Dominican Republic,Americas,1997,gdpPercap,3614.101285
Dominican Republic,Americas,1997,lifeExp,69.957
Dominican Republic,Americas,1997,pop,7992357.0
Dominican Republic,Americas,2002,gdpPercap,4563.808154
Dominican Republic,Americas,2002,lifeExp,70.847
Dominican Republic,Americas,2002,pop,8650322.0
Dominican Republic,Americas,2007,gdpPercap,6025.374752
Dominican Republic,Americas,2007,lifeExp,72.235
Dominican Republic,Americas,2007,pop,9319622.0
Ecuador,Americas,1952,gdpPercap,3522.110717
Ecuador,Americas,1952,lifeExp,48.357
Ecuador,Americas,1952,pop,3548753.0
Ecuador,Americas,1957,gdpPercap,3780.546651
Ecuador,Americas,1957,lifeExp,51.356
Ecuador,Americas,1957,pop,4058385.0
Ecuador,Americas,1962,gdpPercap,4086.114078
Ecuador,Americas,1962,lifeExp,54.64
Ecuador,Americas,1962,pop,4681707.0
Ecuador,Americas,1967,gdpPercap,4579.074215
Ecuador,Americas,1967,lifeExp,56.678
Ecuador,Americas,1967,pop,5432424.0
Ecuador,Americas,1972,gdpPercap,5280.99471
Ecuador,Americas,1972,lifeExp,58.796
Ecuador,Americas,1972,pop,6298651.0
Ecuador,Americas,1977,gdpPercap,6679.62326
Ecuador,Americas,1977,lifeExp,61.31
Ecuador,Americas,1977,pop,7278866.0
Ecuador,Americas,1982,gdpPercap,7213.791267
Ecuador,Americas,1982,lifeExp,64.342
Ecuador,Americas,1982,pop,8365850.0
Ecuador,Americas,1987,gdpPercap,6481.776993
Ecuador,Americas,1987,lifeExp,67.231
Ecuador,Americas,1987,pop,9545158.0
Ecuador,Americas,1992,gdpPercap,7103.702595
Ecuador,Americas,1992,lifeExp,69.613
Ecuador,Americas,1992,pop,10748394.0
Ecuador,Americas,1997,gdpPercap,7429.455877
Ecuador,Americas,1997,lifeExp,72.312
Ecuador,Americas,1997,pop,11911819.0
Ecuador,Americas,2002,gdpPercap,5773.044512
Ecuador,Americas,2002,lifeExp,74.173
Ecuador,Americas,2002,pop,12921234.0
Ecuador,Americas,2007,gdpPercap,6873.262326
Ecuador,Americas,2007,lifeExp,74.994
Ecuador,Americas,2007,pop,13755680.0
El Salvador,Americas,1952,gdpPercap,3048.3029
El Salvador,Americas,1952,lifeExp,45.262
El Salvador,Americas,1952,pop,2042865.0
El Salvador,Americas,1957,gdpPercap,3421.523218
El Salvador,Americas,1957,lifeExp,48.57
El Salvador,Americas,1957,pop,2355805.0
El Salvador,Americas,1962,gdpPercap,3776.803627
El Salvador,Americas,1962,lifeExp,52.307
El Salvador,Americas,1962,pop,2747687.0
El Salvador,Americas,1967,gdpPercap,4358.595393
El Salvador,Americas,1967,lifeExp,55.855
El Salvador,Americas,1967,pop,3232927.0
El Salvador,Americas,1972,gdpPercap,4520.246008
El Salvador,Americas,1972,lifeExp,58.207
El Salvador,Americas,1972,pop,3790903.0
El Salvador,Americas,1977,gdpPercap,5138.922374
El Salvador,Americas,1977,lifeExp,56.696
El Salvador,Americas,1977,pop,4282586.0
El Salvador,Americas,1982,gdpPercap,4098.344175
El Salvador,Americas,1982,lifeExp,56.604
El Salvador,Americas,1982,pop,4474873.0
El Salvador,Americas,1987,gdpPercap,4140.442097
El Salvador,Americas,1987,lifeExp,63.154
El Salvador,Americas,1987,pop,4842194.0
El Salvador,Americas,1992,gdpPercap,4444.2317
El Salvador,Americas,1992,lifeExp,66.798
El Salvador,Americas,1992,pop,5274649.0
El Salvador,Americas,1997,gdpPercap,5154.825496
El Salvador,Americas,1997,lifeExp,69.535
El Salvador,Americas,1997,pop,5783439.0
El Salvador,Americas,2002,gdpPercap,5351.568666
El Salvador,Americas,2002,lifeExp,70.734
El Salvador,Americas,2002,pop,6353681.0
El Salvador,Americas,2007,gdpPercap,5728.353514
El Salvador,Americas,2007,lifeExp,71.878
El Salvador,Americas,2007,pop,6939688.0
Guatemala,Americas,1952,gdpPercap,2428.237769
Guatemala,Americas,1952,lifeExp,42.023
Guatemala,Americas,1952,pop,3146381.0
Guatemala,Americas,1957,gdpPercap,2617.155967
Guatemala,Americas,1957,lifeExp,44.142
Guatemala,Americas,1957,pop,3640876.0
Guatemala,Americas,1962,gdpPercap,2750.364446
Guatemala,Americas,1962,lifeExp,46.954
Guatemala,Americas,1962,pop,4208858.0
Guatemala,Americas,1967,gdpPercap,3242.531147
Guatemala,Americas,1967,lifeExp,50.016
Guatemala,Americas,1967,pop,4690773.0
Guatemala,Americas,1972,gdpPercap,4031.408271
Guatemala,Americas,1972,lifeExp,53.738
Guatemala,Americas,1972,pop,5149581.0
Guatemala,Americas,1977,gdpPercap,4879.992748
Guatemala,Americas,1977,lifeExp,56.029
Guatemala,Americas,1977,pop,5703430.0
Guatemala,Americas,1982,gdpPercap,4820.49479
Guatemala,Americas,1982,lifeExp,58.137
Guatemala,Americas,1982,pop,6395630.0
Guatemala,Americas,1987,gdpPercap,4246.485974
Guatemala,Americas,1987,lifeExp,60.782
Guatemala,Americas,1987,pop,7326406.0
Guatemala,Americas,1992,gdpPercap,4439.45084
Guatemala,Americas,1992,lifeExp,63.373
Guatemala,Americas,1992,pop,8486949.0
Guatemala,Americas,1997,gdpPercap,4684.313807
Guatemala,Americas,1997,lifeExp,66.322
Guatemala,Americas,1997,pop,9803875.0
Guatemala,Americas,2002,gdpPercap,4858.347495
Guatemala,Americas,2002,lifeExp,68.978
Guatemala,Americas,2002,pop,11178650.0
Guatemala,Americas,2007,gdpPercap,5186.050003
Guatemala,Americas,2007,lifeExp,70.259
Guatemala,Americas,2007,pop,12572928.0
Haiti,Americas,1952,gdpPercap,1840.366939
Haiti,Americas,1952,lifeExp,37.579
Haiti,Americas,1952,pop,3201488.0
Haiti,Americas,1957,gdpPercap,1726.887882
Haiti,Americas,1957,lifeExp,40.696
Haiti,Americas,1957,pop,3507701.0
Haiti,Americas,1962,gdpPercap,1796.589032
Haiti,Americas,1962,lifeExp,43.59
Haiti,Americas,1962,pop,3880130.0
Haiti,Americas,1967,gdpPercap,1452.057666
Haiti,Americas,1967,lifeExp,46.243
Haiti,Americas,1967,pop,4318137.0
Haiti,Americas,1972,gdpPercap,1654.456946
Haiti,Americas,1972,lifeExp,48.042
Haiti,Americas,1972,pop,4698301.0
Haiti,Americas,1977,gdpPercap,1874.298931
Haiti,Americas,1977,lifeExp,49.923
Haiti,Americas,1977,pop,4908554.0
Haiti,Americas,1982,gdpPercap,2011.159549
Haiti,Americas,1982,lifeExp,51.461
Haiti,Americas,1982,pop,5198399.0
Haiti,Americas,1987,gdpPercap,1823.015995
Haiti,Americas,1987,lifeExp,53.636
Haiti,Americas,1987,pop,5756203.0
Haiti,Americas,1992,gdpPercap,1456.309517
Haiti,Americas,1992,lifeExp,55.089
Haiti,Americas,1992,pop,6326682.0
Haiti,Americas,1997,gdpPercap,1341.726931
Haiti,Americas,1997,lifeExp,56.671
Haiti,Americas,1997,pop,6913545.0
Haiti,Americas,2002,gdpPercap,1270.364932
Haiti,Americas,2002,lifeExp,58.137
Haiti,Americas,2002,pop,7607651.0
Haiti,Americas,2007,gdpPercap,1201.637154
Haiti,Americas,2007,lifeExp,60.916
Haiti,Americas,2007,pop,8502814.0
Honduras,Americas,1952,gdpPercap,2194.926204
Honduras,Americas,1952,lifeExp,41.912
Honduras,Americas,1952,pop,1517453.0
Honduras,Americas,1957,gdpPercap,2220.487682
Honduras,Americas,1957,lifeExp,44.665
Honduras,Americas,1957,pop,1770390.0
Honduras,Americas,1962,gdpPercap,2291.156835
Honduras,Americas,1962,lifeExp,48.041
Honduras,Americas,1962,pop,2090162.0
Honduras,Americas,1967,gdpPercap,2538.269358
Honduras,Americas,1967,lifeExp,50.924
Honduras,Americas,1967,pop,2500689.0
Honduras,Americas,1972,gdpPercap,2529.842345
Honduras,Americas,1972,lifeExp,53.884
Honduras,Americas,1972,pop,2965146.0
Honduras,Americas,1977,gdpPercap,3203.208066
Honduras,Americas,1977,lifeExp,57.402
Honduras,Americas,1977,pop,3055235.0
Honduras,Americas,1982,gdpPercap,3121.760794
Honduras,Americas,1982,lifeExp,60.909
Honduras,Americas,1982,pop,3669448.0
Honduras,Americas,1987,gdpPercap,3023.096699
Honduras,Americas,1987,lifeExp,64.492
Honduras,Americas,1987,pop,4372203.0
Honduras,Americas,1992,gdpPercap,3081.694603
Honduras,Americas,1992,lifeExp,66.399
Honduras,Americas,1992,pop,5077347.0
Honduras,Americas,1997,gdpPercap,3160.454906
Honduras,Americas,1997,lifeExp,67.659
Honduras,Americas,1997,pop,5867957.0
Honduras,Americas,2002,gdpPercap,3099.72866
Honduras,Americas,2002,lifeExp,68.565
Honduras,Americas,2002,pop,6677328.0
Honduras,Americas,2007,gdpPercap,3548.330846
Honduras,Americas,2007,lifeExp,70.198
Honduras,Americas,2007,pop,7483763.0
Jamaica,Americas,1952,gdpPercap,2898.530881
Jamaica,Americas,1952,lifeExp,58.53
Jamaica,Americas,1952,pop,1426095.0
Jamaica,Americas,1957,gdpPercap,4756.525781
Jamaica,Americas,1957,lifeExp,62.61
Jamaica,Americas,1957,pop,1535090.0
Jamaica,Americas,1962,gdpPercap,5246.107524
Jamaica,Americas,1962,lifeExp,65.61
Jamaica,Americas,1962,pop,1665128.0
Jamaica,Americas,1967,gdpPercap,6124.703451
Jamaica,Americas,1967,lifeExp,67.51
Jamaica,Americas,1967,pop,1861096.0
Jamaica,Americas,1972,gdpPercap,7433.889293
Jamaica,Americas,1972,lifeExp,69.0
Jamaica,Americas,1972,pop,1997616.0
Jamaica,Americas,1977,gdpPercap,6650.195573
Jamaica,Americas,1977,lifeExp,70.11
Jamaica,Americas,1977,pop,2156814.0
Jamaica,Americas,1982,gdpPercap,6068.05135
Jamaica,Americas,1982,lifeExp,71.21
Jamaica,Americas,1982,pop,2298309.0
Jamaica,Americas,1987,gdpPercap,6351.237495
Jamaica,Americas,1987,lifeExp,71.77
Jamaica,Americas,1987,pop,2326606.0
Jamaica,Americas,1992,gdpPercap,7404.923685
Jamaica,Americas,1992,lifeExp,71.766
Jamaica,Americas,1992,pop,2378618.0
Jamaica,Americas,1997,gdpPercap,7121.924704
Jamaica,Americas,1997,lifeExp,72.262
Jamaica,Americas,1997,pop,2531311.0
Jamaica,Americas,2002,gdpPercap,6994.774861
Jamaica,Americas,2002,lifeExp,72.047
Jamaica,Americas,2002,pop,2664659.0
Jamaica,Americas,2007,gdpPercap,7320.880262
Jamaica,Americas,2007,lifeExp,72.567
Jamaica,Americas,2007,pop,2780132.0
Mexico,Americas,1952,gdpPercap,3478.125529
Mexico,Americas,1952,lifeExp,50.789
Mexico,Americas,1952,pop,30144317.0
Mexico,Americas,1957,gdpPercap,4131.546641
Mexico,Americas,1957,lifeExp,55.19
Mexico,Americas,1957,pop,35015548.0
Mexico,Americas,1962,gdpPercap,4581.609385
Mexico,Americas,1962,lifeExp,58.299
Mexico,Americas,1962,pop,41121485.0
Mexico,Americas,1967,gdpPercap,5754.733883
Mexico,Americas,1967,lifeExp,60.11
Mexico,Americas,1967,pop,47995559.0
Mexico,Americas,1972,gdpPercap,6809.40669
Mexico,Americas,1972,lifeExp,62.361
Mexico,Americas,1972,pop,55984294.0
Mexico,Americas,1977,gdpPercap,7674.929108
Mexico,Americas,1977,lifeExp,65.032
Mexico,Americas,1977,pop,63759976.0
Mexico,Americas,1982,gdpPercap,9611.147541
Mexico,Americas,1982,lifeExp,67.405
Mexico,Americas,1982,pop,71640904.0
Mexico,Americas,1987,gdpPercap,8688.156003
Mexico,Americas,1987,lifeExp,69.498
Mexico,Americas,1987,pop,80122492.0
Mexico,Americas,1992,gdpPercap,9472.384295
Mexico,Americas,1992,lifeExp,71.455
Mexico,Americas,1992,pop,88111030.0
Mexico,Americas,1997,gdpPercap,9767.29753
Mexico,Americas,1997,lifeExp,73.67
Mexico,Americas,1997,pop,95895146.0
Mexico,Americas,2002,gdpPercap,10742.44053
Mexico,Americas,2002,lifeExp,74.902
Mexico,Americas,2002,pop,102479927.0
Mexico,Americas,2007,gdpPercap,11977.57496
Mexico,Americas,2007,lifeExp,76.195
Mexico,Americas,2007,pop,108700891.0
Nicaragua,Americas,1952,gdpPercap,3112.363948
Nicaragua,Americas,1952,lifeExp,42.314
Nicaragua,Americas,1952,pop,1165790.0
Nicaragua,Americas,1957,gdpPercap,3457.415947
Nicaragua,Americas,1957,lifeExp,45.432
Nicaragua,Americas,1957,pop,1358828.0
Nicaragua,Americas,1962,gdpPercap,3634.364406
Nicaragua,Americas,1962,lifeExp,48.632
Nicaragua,Americas,1962,pop,1590597.0
Nicaragua,Americas,1967,gdpPercap,4643.393534
Nicaragua,Americas,1967,lifeExp,51.884
Nicaragua,Americas,1967,pop,1865490.0
Nicaragua,Americas,1972,gdpPercap,4688.593267
Nicaragua,Americas,1972,lifeExp,55.151
Nicaragua,Americas,1972,pop,2182908.0
Nicaragua,Americas,1977,gdpPercap,5486.371089
Nicaragua,Americas,1977,lifeExp,57.47
Nicaragua,Americas,1977,pop,2554598.0
Nicaragua,Americas,1982,gdpPercap,3470.338156
Nicaragua,Americas,1982,lifeExp,59.298
Nicaragua,Americas,1982,pop,2979423.0
Nicaragua,Americas,1987,gdpPercap,2955.984375
Nicaragua,Americas,1987,lifeExp,62.008
Nicaragua,Americas,1987,pop,3344353.0
Nicaragua,Americas,1992,gdpPercap,2170.151724
Nicaragua,Americas,1992,lifeExp,65.843
Nicaragua,Americas,1992,pop,4017939.0
Nicaragua,Americas,1997,gdpPercap,2253.023004
Nicaragua,Americas,1997,lifeExp,68.426
Nicaragua,Americas,1997,pop,4609572.0
Nicaragua,Americas,2002,gdpPercap,2474.548819
Nicaragua,Americas,2002,lifeExp,70.836
Nicaragua,Americas,2002,pop,5146848.0
Nicaragua,Americas,2007,gdpPercap,2749.320965
Nicaragua,Americas,2007,lifeExp,72.899
Nicaragua,Americas,2007,pop,5675356.0
Panama,Americas,1952,gdpPercap,2480.380334
Panama,Americas,1952,lifeExp,55.191
Panama,Americas,1952,pop,940080.0
Panama,Americas,1957,gdpPercap,2961.800905
Panama,Americas,1957,lifeExp,59.201
Panama,Americas,1957,pop,1063506.0
Panama,Americas,1962,gdpPercap,3536.540301
Panama,Americas,1962,lifeExp,61.817
Panama,Americas,1962,pop,1215725.0
Panama,Americas,1967,gdpPercap,4421.009084
Panama,Americas,1967,lifeExp,64.071
Panama,Americas,1967,pop,1405486.0
Panama,Americas,1972,gdpPercap,5364.249663
Panama,Americas,1972,lifeExp,66.216
Panama,Americas,1972,pop,1616384.0
Panama,Americas,1977,gdpPercap,5351.912144
Panama,Americas,1977,lifeExp,68.681
Panama,Americas,1977,pop,1839782.0
Panama,Americas,1982,gdpPercap,7009.601598
Panama,Americas,1982,lifeExp,70.472
Panama,Americas,1982,pop,2036305.0
Panama,Americas,1987,gdpPercap,7034.779161
Panama,Americas,1987,lifeExp,71.523
Panama,Americas,1987,pop,2253639.0
Panama,Americas,1992,gdpPercap,6618.74305
Panama,Americas,1992,lifeExp,72.462
Panama,Americas,1992,pop,2484997.0
Panama,Americas,1997,gdpPercap,7113.692252
Panama,Americas,1997,lifeExp,73.738
Panama,Americas,1997,pop,2734531.0
Panama,Americas,2002,gdpPercap,7356.031934
Panama,Americas,2002,lifeExp,74.712
Panama,Americas,2002,pop,2990875.0
Panama,Americas,2007,gdpPercap,9809.185636
Panama,Americas,2007,lifeExp,75.537
Panama,Americas,2007,pop,3242173.0
Paraguay,Americas,1952,gdpPercap,1952.308701
Paraguay,Americas,1952,lifeExp,62.649
Paraguay,Americas,1952,pop,1555876.0
Paraguay,Americas,1957,gdpPercap,2046.154706
Paraguay,Americas,1957,lifeExp,63.196
Paraguay,Americas,1957,pop,1770902.0
Paraguay,Americas,1962,gdpPercap,2148.027146
Paraguay,Americas,1962,lifeExp,64.361
Paraguay,Americas,1962,pop,2009813.0
Paraguay,Americas,1967,gdpPercap,2299.376311
Paraguay,Americas,1967,lifeExp,64.951
Paraguay,Americas,1967,pop,2287985.0
Paraguay,Americas,1972,gdpPercap,2523.337977
Paraguay,Americas,1972,lifeExp,65.815
Paraguay,Americas,1972,pop,2614104.0
Paraguay,Americas,1977,gdpPercap,3248.373311
Paraguay,Americas,1977,lifeExp,66.353
Paraguay,Americas,1977,pop,2984494.0
Paraguay,Americas,1982,gdpPercap,4258.503604
Paraguay,Americas,1982,lifeExp,66.874
Paraguay,Americas,1982,pop,3366439.0
Paraguay,Americas,1987,gdpPercap,3998.875695
Paraguay,Americas,1987,lifeExp,67.378
Paraguay,Americas,1987,pop,3886512.0
Paraguay,Americas,1992,gdpPercap,4196.411078
Paraguay,Americas,1992,lifeExp,68.225
Paraguay,Americas,1992,pop,4483945.0
Paraguay,Americas,1997,gdpPercap,4247.400261
Paraguay,Americas,1997,lifeExp,69.4
Paraguay,Americas,1997,pop,5154123.0
Paraguay,Americas,2002,gdpPercap,3783.674243
Paraguay,Americas,2002,lifeExp,70.755
Paraguay,Americas,2002,pop,5884491.0
Paraguay,Americas,2007,gdpPercap,4172.838464
Paraguay,Americas,2007,lifeExp,71.752
Paraguay,Americas,2007,pop,6667147.0
Peru,Americas,1952,gdpPercap,3758.523437
Peru,Americas,1952,lifeExp,43.902
Peru,Americas,1952,pop,8025700.0
Peru,Americas,1957,gdpPercap,4245.256698
Peru,Americas,1957,lifeExp,46.263
Peru,Americas,1957,pop,9146100.0
Peru,Americas,1962,gdpPercap,4957.037982
Peru,Americas,1962,lifeExp,49.096
Peru,Americas,1962,pop,10516500.0
Peru,Americas,1967,gdpPercap,5788.09333
Peru,Americas,1967,lifeExp,51.445
Peru,Americas,1967,pop,12132200.0
Peru,Americas,1972,gdpPercap,5937.827283
Peru,Americas,1972,lifeExp,55.448
Peru,Americas,1972,pop,13954700.0
Peru,Americas,1977,gdpPercap,6281.290855
Peru,Americas,1977,lifeExp,58.447
Peru,Americas,1977,pop,15990099.0
Peru,Americas,1982,gdpPercap,6434.501797
Peru,Americas,1982,lifeExp,61.406
Peru,Americas,1982,pop,18125129.0
Peru,Americas,1987,gdpPercap,6360.943444
Peru,Americas,1987,lifeExp,64.134
Peru,Americas,1987,pop,20195924.0
Peru,Americas,1992,gdpPercap,4446.380924
Peru,Americas,1992,lifeExp,66.458
Peru,Americas,1992,pop,22430449.0
Peru,Americas,1997,gdpPercap,5838.347657
Peru,Americas,1997,lifeExp,68.386
Peru,Americas,1997,pop,24748122.0
Peru,Americas,2002,gdpPercap,5909.020073
Peru,Americas,2002,lifeExp,69.906
Peru,Americas,2002,pop,26769436.0
Peru,Americas,2007,gdpPercap,7408.905561
Peru,Americas,2007,lifeExp,71.421
Peru,Americas,2007,pop,28674757.0
Puerto Rico,Americas,1952,gdpPercap,3081.959785
Puerto Rico,Americas,1952,lifeExp,64.28
Puerto Rico,Americas,1952,pop,2227000.0
Puerto Rico,Americas,1957,gdpPercap,3907.156189
Puerto Rico,Americas,1957,lifeExp,68.54
Puerto Rico,Americas,1957,pop,2260000.0
Puerto Rico,Americas,1962,gdpPercap,5108.34463
Puerto Rico,Americas,1962,lifeExp,69.62
Puerto Rico,Americas,1962,pop,2448046.0
Puerto Rico,Americas,1967,gdpPercap,6929.277714
Puerto Rico,Americas,1967,lifeExp,71.1
Puerto Rico,Americas,1967,pop,2648961.0
Puerto Rico,Americas,1972,gdpPercap,9123.041742
Puerto Rico,Americas,1972,lifeExp,72.16
Puerto Rico,Americas,1972,pop,2847132.0
Puerto Rico,Americas,1977,gdpPercap,9770.524921
Puerto Rico,Americas,1977,lifeExp,73.44
Puerto Rico,Americas,1977,pop,3080828.0
Puerto Rico,Americas,1982,gdpPercap,10330.98915
Puerto Rico,Americas,1982,lifeExp,73.75
Puerto Rico,Americas,1982,pop,3279001.0
Puerto Rico,Americas,1987,gdpPercap,12281.34191
Puerto Rico,Americas,1987,lifeExp,74.63
Puerto Rico,Americas,1987,pop,3444468.0
Puerto Rico,Americas,1992,gdpPercap,14641.58711
Puerto Rico,Americas,1992,lifeExp,73.911
Puerto Rico,Americas,1992,pop,3585176.0
Puerto Rico,Americas,1997,gdpPercap,16999.4333
Puerto Rico,Americas,1997,lifeExp,74.917
Puerto Rico,Americas,1997,pop,3759430.0
Puerto Rico,Americas,2002,gdpPercap,18855.60618
Puerto Rico,Americas,2002,lifeExp,77.778
Puerto Rico,Americas,2002,pop,3859606.0
Puerto Rico,Americas,2007,gdpPercap,19328.70901
Puerto Rico,Americas,2007,lifeExp,78.746
Puerto Rico,Americas,2007,pop,3942491.0
Trinidad and Tobago,Americas,1952,gdpPercap,3023.271928
Trinidad and Tobago,Americas,1952,lifeExp,59.1
Trinidad and Tobago,Americas,1952,pop,662850.0
Trinidad and Tobago,Americas,1957,gdpPercap,4100.3934
Trinidad and Tobago,Americas,1957,lifeExp,61.8
Trinidad and Tobago,Americas,1957,pop,764900.0
Trinidad and Tobago,Americas,1962,gdpPercap,4997.523971
Trinidad and Tobago,Americas,1962,lifeExp,64.9
Trinidad and Tobago,Americas,1962,pop,887498.0
Trinidad and Tobago,Americas,1967,gdpPercap,5621.368472
Trinidad and Tobago,Americas,1967,lifeExp,65.4
Trinidad and Tobago,Americas,1967,pop,960155.0
Trinidad and Tobago,Americas,1972,gdpPercap,6619.551419
Trinidad and Tobago,Americas,1972,lifeExp,65.9
Trinidad and Tobago,Americas,1972,pop,975199.0
Trinidad and Tobago,Americas,1977,gdpPercap,7899.554209
Trinidad and Tobago,Americas,1977,lifeExp,68.3
Trinidad and Tobago,Americas,1977,pop,1039009.0
Trinidad and Tobago,Americas,1982,gdpPercap,9119.528607
Trinidad and Tobago,Americas,1982,lifeExp,68.832
Trinidad and Tobago,Americas,1982,pop,1116479.0
Trinidad and Tobago,Americas,1987,gdpPercap,7388.597823
Trinidad and Tobago,Americas,1987,lifeExp,69.582
Trinidad and Tobago,Americas,1987,pop,1191336.0
Trinidad and Tobago,Americas,1992,gdpPercap,7370.990932
Trinidad and Tobago,Americas,1992,lifeExp,69.862
Trinidad and Tobago,Americas,1992,pop,1183669.0
Trinidad and Tobago,Americas,1997,gdpPercap,8792.573126
Trinidad and Tobago,Americas,1997,lifeExp,69.465
Trinidad and Tobago,Americas,1997,pop,1138101.0
Trinidad and Tobago,Americas,2002,gdpPercap,11460.60023
Trinidad and Tobago,Americas,2002,lifeExp,68.976
Trinidad and Tobago,Americas,2002,pop,1101832.0
Trinidad and Tobago,Americas,2007,gdpPercap,18008.50924
Trinidad and Tobago,Americas,2007,lifeExp,69.819
Trinidad and Tobago,Americas,2007,pop,1056608.0
United States,Americas,1952,gdpPercap,13990.48208
United States,Americas,1952,lifeExp,68.44
United States,Americas,1952,pop,157553000.0
United States,Americas,1957,gdpPercap,14847.12712
United States,Americas,1957,lifeExp,69.49
United States,Americas,1957,pop,171984000.0
United States,Americas,1962,gdpPercap,16173.14586
United States,Americas,1962,lifeExp,70.21
United States,Americas,1962,pop,186538000.0
United States,Americas,1967,gdpPercap,19530.36557
United States,Americas,1967,lifeExp,70.76
United States,Americas,1967,pop,198712000.0
United States,Americas,1972,gdpPercap,21806.03594
United States,Americas,1972,lifeExp,71.34
United States,Americas,1972,pop,209896000.0
United States,Americas,1977,gdpPercap,24072.63213
United States,Americas,1977,lifeExp,73.38
United States,Americas,1977,pop,220239000.0
United States,Americas,1982,gdpPercap,25009.55914
United States,Americas,1982,lifeExp,74.65
United States,Americas,1982,pop,232187835.0
United States,Americas,1987,gdpPercap,29884.35041
United States,Americas,1987,lifeExp,75.02
United States,Americas,1987,pop,242803533.0
United States,Americas,1992,gdpPercap,32003.93224
United States,Americas,1992,lifeExp,76.09
United States,Americas,1992,pop,256894189.0
United States,Americas,1997,gdpPercap,35767.43303
United States,Americas,1997,lifeExp,76.81
United States,Americas,1997,pop,272911760.0
United States,Americas,2002,gdpPercap,39097.09955
United States,Americas,2002,lifeExp,77.31
United States,Americas,2002,pop,287675526.0
United States,Americas,2007,gdpPercap,42951.65309
United States,Americas,2007,lifeExp,78.242
United States,Americas,2007,pop,301139947.0
Uruguay,Americas,1952,gdpPercap,5716.766744
Uruguay,Americas,1952,lifeExp,66.071
Uruguay,Americas,1952,pop,2252965.0
Uruguay,Americas,1957,gdpPercap,6150.772969
Uruguay,Americas,1957,lifeExp,67.044
Uruguay,Americas,1957,pop,2424959.0
Uruguay,Americas,1962,gdpPercap,5603.357717
Uruguay,Americas,1962,lifeExp,68.253
Uruguay,Americas,1962,pop,2598466.0
Uruguay,Americas,1967,gdpPercap,5444.61962
Uruguay,Americas,1967,lifeExp,68.468
Uruguay,Americas,1967,pop,2748579.0
Uruguay,Americas,1972,gdpPercap,5703.408898
Uruguay,Americas,1972,lifeExp,68.673
Uruguay,Americas,1972,pop,2829526.0
Uruguay,Americas,1977,gdpPercap,6504.339663
Uruguay,Americas,1977,lifeExp,69.481
Uruguay,Americas,1977,pop,2873520.0
Uruguay,Americas,1982,gdpPercap,6920.223051
Uruguay,Americas,1982,lifeExp,70.805
Uruguay,Americas,1982,pop,2953997.0
Uruguay,Americas,1987,gdpPercap,7452.398969
Uruguay,Americas,1987,lifeExp,71.918
Uruguay,Americas,1987,pop,3045153.0
Uruguay,Americas,1992,gdpPercap,8137.004775
Uruguay,Americas,1992,lifeExp,72.752
Uruguay,Americas,1992,pop,3149262.0
Uruguay,Americas,1997,gdpPercap,9230.240708
Uruguay,Americas,1997,lifeExp,74.223
Uruguay,Americas,1997,pop,3262838.0
Uruguay,Americas,2002,gdpPercap,7727.002004
Uruguay,Americas,2002,lifeExp,75.307
Uruguay,Americas,2002,pop,3363085.0
Uruguay,Americas,2007,gdpPercap,10611.46299
Uruguay,Americas,2007,lifeExp,76.384
Uruguay,Americas,2007,pop,3447496.0
Venezuela,Americas,1952,gdpPercap,7689.799761
Venezuela,Americas,1952,lifeExp,55.088
Venezuela,Americas,1952,pop,5439568.0
Venezuela,Americas,1957,gdpPercap,9802.466526
Venezuela,Americas,1957,lifeExp,57.907
Venezuela,Americas,1957,pop,6702668.0
Venezuela,Americas,1962,gdpPercap,8422.974165
Venezuela,Americas,1962,lifeExp,60.77
Venezuela,Americas,1962,pop,8143375.0
Venezuela,Americas,1967,gdpPercap,9541.474188
Venezuela,Americas,1967,lifeExp,63.479
Venezuela,Americas,1967,pop,9709552.0
Venezuela,Americas,1972,gdpPercap,10505.25966
Venezuela,Americas,1972,lifeExp,65.712
Venezuela,Americas,1972,pop,11515649.0
Venezuela,Americas,1977,gdpPercap,13143.95095
Venezuela,Americas,1977,lifeExp,67.456
Venezuela,Americas,1977,pop,13503563.0
Venezuela,Americas,1982,gdpPercap,11152.41011
Venezuela,Americas,1982,lifeExp,68.557
Venezuela,Americas,1982,pop,15620766.0
Venezuela,Americas,1987,gdpPercap,9883.584648
Venezuela,Americas,1987,lifeExp,70.19
Venezuela,Americas,1987,pop,17910182.0
Venezuela,Americas,1992,gdpPercap,10733.92631
Venezuela,Americas,1992,lifeExp,71.15
Venezuela,Americas,1992,pop,20265563.0
Venezuela,Americas,1997,gdpPercap,10165.49518
Venezuela,Americas,1997,lifeExp,72.146
Venezuela,Americas,1997,pop,22374398.0
Venezuela,Americas,2002,gdpPercap,8605.047831
Venezuela,Americas,2002,lifeExp,72.766
Venezuela,Americas,2002,pop,24287670.0
Venezuela,Americas,2007,gdpPercap,11415.80569
Venezuela,Americas,2007,lifeExp,73.747
Venezuela,Americas,2007,pop,26084662.0
