country,continent,year,metric,value
Algeria,Africa,1952,gdpPercap,2449.008185
Algeria,Africa,1952,lifeExp,43.077
Algeria,Africa,1952,pop,9279525.0
Algeria,Africa,1957,gdpPercap,3013.976023
Algeria,Africa,1957,lifeExp,45.685
Algeria,Africa,1957,pop,10270856.0
Algeria,Africa,1962,gdpPercap,2550.81688
Algeria,Africa,1962,lifeExp,48.303
Algeria,Africa,1962,pop,11000948.0
Algeria,Africa,1967,gdpPercap,3246.991771
Algeria,Africa,1967,lifeExp,51.407
Algeria,Africa,1967,pop,12760499.0
Algeria,Africa,1972,gdpPercap,4182.663766
Algeria,Africa,1972,lifeExp,54.518
Algeria,Africa,1972,pop,14760787.0
Algeria,Africa,1977,gdpPercap,4910.416756
Algeria,Africa,1977,lifeExp,58.014
Algeria,Africa,1977,pop,17152804.0
Algeria,Africa,1982,gdpPercap,5745.160213
Algeria,Africa,1982,lifeExp,61.368
Algeria,Africa,1982,pop,20033753.0
Algeria,Africa,1987,gdpPercap,5681.358539
Algeria,Africa,1987,lifeExp,65.799
Algeria,Africa,1987,pop,23254956.0
Algeria,Africa,1992,gdpPercap,5023.216647
Algeria,Africa,1992,lifeExp,67.744
Algeria,Africa,1992,pop,26298373.0
Algeria,Africa,1997,gdpPercap,4797.295051
Algeria,Africa,1997,lifeExp,69.152
Algeria,Africa,1997,pop,29072015.0
Algeria,Africa,2002,gdpPercap,5288.040382
Algeria,Africa,2002,lifeExp,70.994
Algeria,Africa,2002,pop,31287142.0
Algeria,Africa,2007,gdpPercap,6223.367465
Algeria,Africa,2007,lifeExp,72.301
Algeria,Africa,2007,pop,33333216.0
Angola,Africa,1952,gdpPercap,3520.610273
Angola,Africa,1952,lifeExp,30.015
Angola,Africa,1952,pop,4232095.0
Angola,Africa,1957,gdpPercap,3827.940465
Angola,Africa,1957,lifeExp,31.999
Angola,Africa,1957,pop,4561361.0
Angola,Africa,1962,gdpPercap,4269.276742
Angola,Africa,1962,lifeExp,34.0
Angola,Africa,1962,pop,4826015.0
Angola,Africa,1967,gdpPercap,5522.776375
Angola,Africa,1967,lifeExp,35.985
Angola,Africa,1967,pop,5247469.0
Angola,Africa,1972,gdpPercap,5473.288005
Angola,Africa,1972,lifeExp,37.928
Angola,Africa,1972,pop,5894858.0
Angola,Africa,1977,gdpPercap,3008.647355
Angola,Africa,1977,lifeExp,39.483
Angola,Africa,1977,pop,6162675.0
Angola,Africa,1982,gdpPercap,2756.953672
Angola,Africa,1982,lifeExp,39.942
Angola,Africa,1982,pop,7016384.0
Angola,Africa,1987,gdpPercap,2430.208311
Angola,Africa,1987,lifeExp,39.906
Angola,Africa,1987,pop,7874230.0
Angola,Africa,1992,gdpPercap,2627.845685
Angola,Africa,1992,lifeExp,40.647
Angola,Africa,1992,pop,8735988.0
Angola,Africa,1997,gdpPercap,2277.140884
Angola,Africa,1997,lifeExp,40.963
Angola,Africa,1997,pop,9875024.0
Angola,Africa,2002,gdpPercap,2773.287312
Angola,Africa,2002,lifeExp,41.003
Angola,Africa,2002,pop,10866106.0
Angola,Africa,2007,gdpPercap,4797.231267
Angola,Africa,2007,lifeExp,42.731
Angola,Africa,2007,pop,12420476.0
Benin,Africa,1952,gdpPercap,1062.7522
Benin,Africa,1952,lifeExp,38.223
Benin,Africa,1952,pop,1738315.0
Benin,Africa,1957,gdpPercap,959.6010805
Benin,Africa,1957,lifeExp,40.358
Benin,Africa,1957,pop,1925173.0
Benin,Africa,1962,gdpPercap,949.4990641
Benin,Africa,1962,lifeExp,42.618
Benin,Africa,1962,pop,2151895.0
Benin,Africa,1967,gdpPercap,1035.831411
Benin,Africa,1967,lifeExp,44.885
Benin,Africa,1967,pop,2427334.0
Benin,Africa,1972,gdpPercap,1085.796879
Benin,Africa,1972,lifeExp,47.014
Benin,Africa,1972,pop,2761407.0
Benin,Africa,1977,gdpPercap,1029.161251
Benin,Africa,1977,lifeExp,49.19
Benin,Africa,1977,pop,3168267.0
Benin,Africa,1982,gdpPercap,1277.897616
Benin,Africa,1982,lifeExp,50.904
Benin,Africa,1982,pop,3641603.0
Benin,Africa,1987,gdpPercap,1225.85601
Benin,Africa,1987,lifeExp,52.337
Benin,Africa,1987,pop,4243788.0
Benin,Africa,1992,gdpPercap,1191.207681
Benin,Africa,1992,lifeExp,53.919
Benin,Africa,1992,pop,4981671.0
Benin,Africa,1997,gdpPercap,1232.975292
Benin,Africa,1997,lifeExp,54.777
Benin,Africa,1997,pop,6066080.0
Benin,Africa,2002,gdpPercap,1372.877931
Benin,Africa,2002,lifeExp,54.406
Benin,Africa,2002,pop,7026113.0
Benin,Africa,2007,gdpPercap,1441.284873
Benin,Africa,2007,lifeExp,56.728
Benin,Africa,2007,pop,8078314.0
Botswana,Africa,1952,gdpPercap,851.2411407
Botswana,Africa,1952,lifeExp,47.622
Botswana,Africa,1952,pop,442308.0
Botswana,Africa,1957,gdpPercap,918.2325349
Botswana,Africa,1957,lifeExp,49.618
Botswana,Africa,1957,pop,474639.0
Botswana,Africa,1962,gdpPercap,983.6539764
Botswana,Africa,1962,lifeExp,51.52
Botswana,Africa,1962,pop,512764.0
Botswana,Africa,1967,gdpPercap,1214.709294
Botswana,Africa,1967,lifeExp,53.298
Botswana,Africa,1967,pop,553541.0
Botswana,Africa,1972,gdpPercap,2263.611114
Botswana,Africa,1972,lifeExp,56.024
Botswana,Africa,1972,pop,619351.0
Botswana,Africa,1977,gdpPercap,3214.857818
Botswana,Africa,1977,lifeExp,59.319
Botswana,Africa,1977,pop,781472.0
Botswana,Africa,1982,gdpPercap,4551.14215
Botswana,Africa,1982,lifeExp,61.484
Botswana,Africa,1982,pop,970347.0
Botswana,Africa,1987,gdpPercap,6205.88385
Botswana,Africa,1987,lifeExp,63.622
Botswana,Africa,1987,pop,1151184.0
Botswana,Africa,1992,gdpPercap,7954.111645
Botswana,Africa,1992,lifeExp,62.745
Botswana,Africa,1992,pop,1342614.0
Botswana,Africa,1997,gdpPercap,8647.142313
Botswana,Africa,1997,lifeExp,52.556
Botswana,Africa,1997,pop,1536536.0
Botswana,Africa,2002,gdpPercap,11003.60508
Botswana,Africa,2002,lifeExp,46.634
Botswana,Africa,2002,pop,1630347.0
Botswana,Africa,2007,gdpPercap,12569.85177
Botswana,Africa,2007,lifeExp,50.728
Botswana,Africa,2007,pop,1639131.0
Burkina Faso,Africa,1952,gdpPercap,543.2552413
Burkina Faso,Africa,1952,lifeExp,31.975
Burkina Faso,Africa,1952,pop,4469979.0
Burkina Faso,Africa,1957,gdpPercap,617.1834648
Burkina Faso,Africa,1957,lifeExp,34.906
Burkina Faso,Africa,1957,pop,4713416.0
Burkina Faso,Africa,1962,gdpPercap,722.5120206
Burkina Faso,Africa,1962,lifeExp,37.814
Burkina Faso,Africa,1962,pop,4919632.0
Burkina Faso,Africa,1967,gdpPercap,794.8265597
Burkina Faso,Africa,1967,lifeExp,40.697
Burkina Faso,Africa,1967,pop,5127935.0
Burkina Faso,Africa,1972,gdpPercap,854.7359763
Burkina Faso,Africa,1972,lifeExp,43.591
Burkina Faso,Africa,1972,pop,5433886.0
Burkina Faso,Africa,1977,gdpPercap,743.3870368
Burkina Faso,Africa,1977,lifeExp,46.137
Burkina Faso,Africa,1977,pop,5889574.0
Burkina Faso,Africa,1982,gdpPercap,807.1985855
Burkina Faso,Africa,1982,lifeExp,48.122
Burkina Faso,Africa,1982,pop,6634596.0
Burkina Faso,Africa,1987,gdpPercap,912.0631417
Burkina Faso,Africa,1987,lifeExp,49.557
Burkina Faso,Africa,1987,pop,7586551.0
Burkina Faso,Africa,1992,gdpPercap,931.7527731
Burkina Faso,Africa,1992,lifeExp,50.26
Burkina Faso,Africa,1992,pop,8878303.0
Burkina Faso,Africa,1997,gdpPercap,946.2949618
Burkina Faso,Africa,1997,lifeExp,50.324
Burkina Faso,Africa,1997,pop,10352843.0
Burkina Faso,Africa,2002,gdpPercap,1037.645221
Burkina Faso,Africa,2002,lifeExp,50.65
Burkina Faso,Africa,2002,pop,12251209.0
Burkina Faso,Africa,2007,gdpPercap,1217.032994
Burkina Faso,Africa,2007,lifeExp,52.295
Burkina Faso,Africa,2007,pop,14326203.0
Burundi,Africa,1952,gdpPercap,339.2964587
Burundi,Africa,1952,lifeExp,39.031
Burundi,Africa,1952,pop,2445618.0
Burundi,Africa,1957,gdpPercap,379.5646281
Burundi,Africa,1957,lifeExp,40.533
Burundi,Africa,1957,pop,2667518.0
Burundi,Africa,1962,gdpPercap,355.2032273
Burundi,Africa,1962,lifeExp,42.045
Burundi,Africa,1962,pop,2961915.0
Burundi,Africa,1967,gdpPercap,412.9775136
Burundi,Africa,1967,lifeExp,43.548
Burundi,Africa,1967,pop,3330989.0
Burundi,Africa,1972,gdpPercap,464.0995039
Burundi,Africa,1972,lifeExp,44.057
Burundi,Africa,1972,pop,3529983.0
Burundi,Africa,1977,gdpPercap,556.1032651
Burundi,Africa,1977,lifeExp,45.91
Burundi,Africa,1977,pop,3834415.0
Burundi,Africa,1982,gdpPercap,559.603231
Burundi,Africa,1982,lifeExp,47.471
Burundi,Africa,1982,pop,4580410.0
Burundi,Africa,1987,gdpPercap,621.8188189
Burundi,Africa,1987,lifeExp,48.211
Burundi,Africa,1987,pop,5126023.0
Burundi,Africa,1992,gdpPercap,631.6998778
Burundi,Africa,1992,lifeExp,44.736
Burundi,Africa,1992,pop,5809236.0
Burundi,Africa,1997,gdpPercap,463.1151478
Burundi,Africa,1997,lifeExp,45.326
Burundi,Africa,1997,pop,6121610.0
Burundi,Africa,2002,gdpPercap,446.4035126
Burundi,Africa,2002,lifeExp,47.36
Burundi,Africa,2002,pop,7021078.0
Burundi,Africa,2007,gdpPercap,430.0706916
Burundi,Africa,2007,lifeExp,49.58
Burundi,Africa,2007,pop,8390505.0
Cameroon,Africa,1952,gdpPercap,1172.667655
Cameroon,Africa,1952,lifeExp,38.523
Cameroon,Africa,1952,pop,5009067.0
Cameroon,Africa,1957,gdpPercap,1313.048099
Cameroon,Africa,1957,lifeExp,40.428
Cameroon,Africa,1957,pop,5359923.0
Cameroon,Africa,1962,gdpPercap,1399.607441
Cameroon,Africa,1962,lifeExp,42.643
Cameroon,Africa,1962,pop,5793633.0
Cameroon,Africa,1967,gdpPercap,1508.453148
Cameroon,Africa,1967,lifeExp,44.799
Cameroon,Africa,1967,pop,6335506.0
Cameroon,Africa,1972,gdpPercap,1684.146528
Cameroon,Africa,1972,lifeExp,47.049
Cameroon,Africa,1972,pop,7021028.0
Cameroon,Africa,1977,gdpPercap,1783.432873
Cameroon,Africa,1977,lifeExp,49.355
Cameroon,Africa,1977,pop,7959865.0
Cameroon,Africa,1982,gdpPercap,2367.983282
Cameroon,Africa,1982,lifeExp,52.961
Cameroon,Africa,1982,pop,9250831.0
Cameroon,Africa,1987,gdpPercap,2602.664206
Cameroon,Africa,1987,lifeExp,54.985
Cameroon,Africa,1987,pop,10780667.0
Cameroon,Africa,1992,gdpPercap,1793.163278
Cameroon,Africa,1992,lifeExp,54.314
Cameroon,Africa,1992,pop,12467171.0
Cameroon,Africa,1997,gdpPercap,1694.337469
Cameroon,Africa,1997,lifeExp,52.199
Cameroon,Africa,1997,pop,14195809.0
Cameroon,Africa,2002,gdpPercap,1934.011449
Cameroon,Africa,2002,lifeExp,49.856
Cameroon,Africa,2002,pop,15929988.0
Cameroon,Africa,2007,gdpPercap,2042.09524
Cameroon,Africa,2007,lifeExp,50.43
Cameroon,Africa,2007,pop,17696293.0
Central African Republic,Africa,1952,gdpPercap,1071.310713
Central African Republic,Africa,1952,lifeExp,35.463
Central African Republic,Africa,1952,pop,1291695.0
Central African Republic,Africa,1957,gdpPercap,1190.844328
Central African Republic,Africa,1957,lifeExp,37.464
Central African Republic,Africa,1957,pop,1392284.0
Central African Republic,Africa,1962,gdpPercap,1193.068753
Central African Republic,Africa,1962,lifeExp,39.475
Central African Republic,Africa,1962,pop,1523478.0
Central African Republic,Africa,1967,gdpPercap,1136.056615
Central African Republic,Africa,1967,lifeExp,41.478
Central African Republic,Africa,1967,pop,1733638.0
Central African Republic,Africa,1972,gdpPercap,1070.013275
Central African Republic,Africa,1972,lifeExp,43.457
Central African Republic,Africa,1972,pop,1927260.0
Central African Republic,Africa,1977,gdpPercap,1109.374338
Central African Republic,Africa,1977,lifeExp,46.775
Central African Republic,Africa,1977,pop,2167533.0
Central African Republic,Africa,1982,gdpPercap,956.7529907
Central African Republic,Africa,1982,lifeExp,48.295
Central African Republic,Africa,1982,pop,2476971.0
Central African Republic,Africa,1987,gdpPercap,844.8763504
Central African Republic,Africa,1987,lifeExp,50.485
Central African Republic,Africa,1987,pop,2840009.0
Central African Republic,Africa,1992,gdpPercap,747.9055252
Central African Republic,Africa,1992,lifeExp,49.396
Central African Republic,Africa,1992,pop,3265124.0
Central African Republic,Africa,1997,gdpPercap,740.5063317
Central African Republic,Africa,1997,lifeExp,46.066
Central African Republic,Africa,1997,pop,3696513.0
Central African Republic,Africa,2002,gdpPercap,738.6906068
Central African Republic,Africa,2002,lifeExp,43.308
Central African Republic,Africa,2002,pop,4048013.0
Central African Republic,Africa,2007,gdpPercap,706.016537
Central African Republic,Africa,2007,lifeExp,44.741
Central African Republic,Africa,2007,pop,4369038.0
Chad,Africa,1952,gdpPercap,1178.665927
Chad,Africa,1952,lifeExp,38.092
Chad,Africa,1952,pop,2682462.0
Chad,Africa,1957,gdpPercap,1308.495577
Chad,Africa,1957,lifeExp,39.881
Chad,Africa,1957,pop,2894855.0
Chad,Africa,1962,gdpPercap,1389.817618
Chad,Africa,1962,lifeExp,41.716
Chad,Africa,1962,pop,3150417.0
Chad,Africa,1967,gdpPercap,1196.810565
Chad,Africa,1967,lifeExp,43.601
Chad,Africa,1967,pop,3495967.0
Chad,Africa,1972,gdpPercap,1104.103987
Chad,Africa,1972,lifeExp,45.569
Chad,Africa,1972,pop,3899068.0
Chad,Africa,1977,gdpPercap,1133.98495
Chad,Africa,1977,lifeExp,47.383
Chad,Africa,1977,pop,4388260.0
Chad,Africa,1982,gdpPercap,797.9081006
Chad,Africa,1982,lifeExp,49.517
Chad,Africa,1982,pop,4875118.0
Chad,Africa,1987,gdpPercap,952.386129
Chad,Africa,1987,lifeExp,51.051
Chad,Africa,1987,pop,5498955.0
Chad,Africa,1992,gdpPercap,1058.0643
Chad,Africa,1992,lifeExp,51.724
Chad,Africa,1992,pop,6429417.0
Chad,Africa,1997,gdpPercap,1004.961353
Chad,Africa,1997,lifeExp,51.573
Chad,Africa,1997,pop,7562011.0
Chad,Africa,2002,gdpPercap,1156.18186
Chad,Africa,2002,lifeExp,50.525
Chad,Africa,2002,pop,8835739.0
Chad,Africa,2007,gdpPercap,1704.063724
Chad,Africa,2007,lifeExp,50.651
Chad,Africa,2007,pop,10238807.0
Comoros,Africa,1952,gdpPercap,1102.990936
Comoros,Africa,1952,lifeExp,40.715
Comoros,Africa,1952,pop,153936.0
Comoros,Africa,1957,gdpPercap,1211.148548
Comoros,Africa,1957,lifeExp,42.46
Comoros,Africa,1957,pop,170928.0
Comoros,Africa,1962,gdpPercap,1406.648278
Comoros,Africa,1962,lifeExp,44.467
Comoros,Africa,1962,pop,191689.0
Comoros,Africa,1967,gdpPercap,1876.029643
Comoros,Africa,1967,lifeExp,46.472
Comoros,Africa,1967,pop,217378.0
Comoros,Africa,1972,gdpPercap,1937.577675
Comoros,Africa,1972,lifeExp,48.944
Comoros,Africa,1972,pop,250027.0
Comoros,Africa,1977,gdpPercap,1172.603047
Comoros,Africa,1977,lifeExp,50.939
Comoros,Africa,1977,pop,304739.0
Comoros,Africa,1982,gdpPercap,1267.100083
Comoros,Africa,1982,lifeExp,52.933
Comoros,Africa,1982,pop,348643.0
Comoros,Africa,1987,gdpPercap,1315.980812
Comoros,Africa,1987,lifeExp,54.926
Comoros,Africa,1987,pop,395114.0
Comoros,Africa,1992,gdpPercap,1246.90737
Comoros,Africa,1992,lifeExp,57.939
Comoros,Africa,1992,pop,454429.0
Comoros,Africa,1997,gdpPercap,1173.618235
Comoros,Africa,1997,lifeExp,60.66
Comoros,Africa,1997,pop,527982.0
Comoros,Africa,2002,gdpPercap,1075.811558
Comoros,Africa,2002,lifeExp,62.974
Comoros,Africa,2002,pop,614382.0
Comoros,Africa,2007,gdpPercap,986.1478792
Comoros,Africa,2007,lifeExp,65.152
Comoros,Africa,2007,pop,710960.0
Congo Dem. Rep.,Africa,1952,gdpPercap,780.5423257
Congo Dem. Rep.,Africa,1952,lifeExp,39.143
Congo Dem. Rep.,Africa,1952,pop,14100005.0
Congo Dem. Rep.,Africa,1957,gdpPercap,905.8602303
Congo Dem. Rep.,Africa,1957,lifeExp,40.652
Congo Dem. Rep.,Africa,1957,pop,15577932.0
Congo Dem. Rep.,Africa,1962,gdpPercap,896.3146335
Congo Dem. Rep.,Africa,1962,lifeExp,42.122
Congo Dem. Rep.,Africa,1962,pop,17486434.0
Congo Dem. Rep.,Africa,1967,gdpPercap,861.5932424
Congo Dem. Rep.,Africa,1967,lifeExp,44.056
Congo Dem. Rep.,Africa,1967,pop,19941073.0
Congo Dem. Rep.,Africa,1972,gdpPercap,904.8960685
Congo Dem. Rep.,Africa,1972,lifeExp,45.989
Congo Dem. Rep.,Africa,1972,pop,23007669.0
Congo Dem. Rep.,Africa,1977,gdpPercap,795.757282
Congo Dem. Rep.,Africa,1977,lifeExp,47.804
Congo Dem. Rep.,Africa,1977,pop,26480870.0
Congo Dem. Rep.,Africa,1982,gdpPercap,673.7478181
Congo Dem. Rep.,Africa,1982,lifeExp,47.784
Congo Dem. Rep.,Africa,1982,pop,30646495.0
Congo Dem. Rep.,Africa,1987,gdpPercap,672.774812
Congo Dem. Rep.,Africa,1987,lifeExp,47.412
Congo Dem. Rep.,Africa,1987,pop,35481645.0
Congo Dem. Rep.,Africa,1992,gdpPercap,457.7191807
Congo Dem. Rep.,Africa,1992,lifeExp,45.548
Congo Dem. Rep.,Africa,1992,pop,41672143.0
Congo Dem. Rep.,Africa,1997,gdpPercap,312.188423
Congo Dem. Rep.,Africa,1997,lifeExp,42.587
Congo Dem. Rep.,Africa,1997,pop,47798986.0
Congo Dem. Rep.,Africa,2002,gdpPercap,241.1658765
Congo Dem. Rep.,Africa,2002,lifeExp,44.966
Congo Dem. Rep.,Africa,2002,pop,55379852.0
Congo Dem. Rep.,Africa,2007,gdpPercap,277.5518587
Congo Dem. Rep.,Africa,2007,lifeExp,46.462
Congo Dem. Rep.,Africa,2007,pop,64606759.0
Congo Rep.,Africa,1952,gdpPercap,2125.621418
Congo Rep.,Africa,1952,lifeExp,42.111
Congo Rep.,Africa,1952,pop,854885.0
Congo Rep.,Africa,1957,gdpPercap,2315.056572
Congo Rep.,Africa,1957,lifeExp,45.053
Congo Rep.,Africa,1957,pop,940458.0
Congo Rep.,Africa,1962,gdpPercap,2464.783157
Congo Rep.,Africa,1962,lifeExp,48.435
Congo Rep.,Africa,1962,pop,1047924.0
Congo Rep.,Africa,1967,gdpPercap,2677.939642
Congo Rep.,Africa,1967,lifeExp,52.04
Congo Rep.,Africa,1967,pop,1179760.0
Congo Rep.,Africa,1972,gdpPercap,3213.152683
Congo Rep.,Africa,1972,lifeExp,54.907
Congo Rep.,Africa,1972,pop,1340458.0
Congo Rep.,Africa,1977,gdpPercap,3259.178978
Congo Rep.,Africa,1977,lifeExp,55.625
Congo Rep.,Africa,1977,pop,1536769.0
Congo Rep.,Africa,1982,gdpPercap,4879.507522
Congo Rep.,Africa,1982,lifeExp,56.695
Congo Rep.,Africa,1982,pop,1774735.0
Congo Rep.,Africa,1987,gdpPercap,4201.194937
Congo Rep.,Africa,1987,lifeExp,57.47
Congo Rep.,Africa,1987,pop,2064095.0
Congo Rep.,Africa,1992,gdpPercap,4016.239529
Congo Rep.,Africa,1992,lifeExp,56.433
Congo Rep.,Africa,1992,pop,2409073.0
Congo Rep.,Africa,1997,gdpPercap,3484.164376
Congo Rep.,Africa,1997,lifeExp,52.962
Congo Rep.,Africa,1997,pop,2800947.0
Congo Rep.,Africa,2002,gdpPercap,3484.06197
Congo Rep.,Africa,2002,lifeExp,52.97
Congo Rep.,Africa,2002,pop,3328795.0
Congo Rep.,Africa,2007,gdpPercap,3632.557798
Congo Rep.,Africa,2007,lifeExp,55.322
Congo Rep.,Africa,2007,pop,3800610.0
Cote d'Ivoire,Africa,1952,gdpPercap,1388.594732
Cote d'Ivoire,Africa,1952,lifeExp,40.477
Cote d'Ivoire,Africa,1952,pop,2977019.0
Cote d'Ivoire,Africa,1957,gdpPercap,1500.895925
Cote d'Ivoire,Africa,1957,lifeExp,42.469
Cote d'Ivoire,Africa,1957,pop,3300000.0
Cote d'Ivoire,Africa,1962,gdpPercap,1728.869428
Cote d'Ivoire,Africa,1962,lifeExp,44.93
Cote d'Ivoire,Africa,1962,pop,3832408.0
Cote d'Ivoire,Africa,1967,gdpPercap,2052.050473
Cote d'Ivoire,Africa,1967,lifeExp,47.35
Cote d'Ivoire,Africa,1967,pop,4744870.0
Cote d'Ivoire,Africa,1972,gdpPercap,2378.201111
Cote d'Ivoire,Africa,1972,lifeExp,49.801
Cote d'Ivoire,Africa,1972,pop,6071696.0
Cote d'Ivoire,Africa,1977,gdpPercap,2517.736547
Cote d'Ivoire,Africa,1977,lifeExp,52.374
Cote d'Ivoire,Africa,1977,pop,7459574.0
Cote d'Ivoire,Africa,1982,gdpPercap,2602.710169
Cote d'Ivoire,Africa,1982,lifeExp,53.983
Cote d'Ivoire,Africa,1982,pop,9025951.0
Cote d'Ivoire,Africa,1987,gdpPercap,2156.956069
Cote d'Ivoire,Africa,1987,lifeExp,54.655
Cote d'Ivoire,Africa,1987,pop,10761098.0
Cote d'Ivoire,Africa,1992,gdpPercap,1648.073791
Cote d'Ivoire,Africa,1992,lifeExp,52.044
Cote d'Ivoire,Africa,1992,pop,12772596.0
Cote d'Ivoire,Africa,1997,gdpPercap,1786.265407
Cote d'Ivoire,Africa,1997,lifeExp,47.991
Cote d'Ivoire,Africa,1997,pop,14625967.0
Cote d'Ivoire,Africa,2002,gdpPercap,1648.800823
Cote d'Ivoire,Africa,2002,lifeExp,46.832
Cote d'Ivoire,Africa,2002,pop,16252726.0
Cote d'Ivoire,Africa,2007,gdpPercap,1544.750112
Cote d'Ivoire,Africa,2007,lifeExp,48.328
Cote d'Ivoire,Africa,2007,pop,18013409.0
Djibouti,Africa,1952,gdpPercap,2669.529475
Djibouti,Africa,1952,lifeExp,34.812
Djibouti,Africa,1952,pop,63149.0
Djibouti,Africa,1957,gdpPercap,2864.969076
Djibouti,Africa,1957,lifeExp,37.328
Djibouti,Africa,1957,pop,71851.0
Djibouti,Africa,1962,gdpPercap,3020.989263
Djibouti,Africa,1962,lifeExp,39.693
Djibouti,Africa,1962,pop,89898.0
Djibouti,Africa,1967,gdpPercap,3020.050513
Djibouti,Africa,1967,lifeExp,42.074
Djibouti,Africa,1967,pop,127617.0
Djibouti,Africa,1972,gdpPercap,3694.212352
Djibouti,Africa,1972,lifeExp,44.366
Djibouti,Africa,1972,pop,178848.0
Djibouti,Africa,1977,gdpPercap,3081.761022
Djibouti,Africa,1977,lifeExp,46.519
Djibouti,Africa,1977,pop,228694.0
Djibouti,Africa,1982,gdpPercap,2879.468067
Djibouti,Africa,1982,lifeExp,48.812
Djibouti,Africa,1982,pop,305991.0
Djibouti,Africa,1987,gdpPercap,2880.102568
Djibouti,Africa,1987,lifeExp,50.04
Djibouti,Africa,1987,pop,311025.0
Djibouti,Africa,1992,gdpPercap,2377.156192
Djibouti,Africa,1992,lifeExp,51.604
Djibouti,Africa,1992,pop,384156.0
Djibouti,Africa,1997,gdpPercap,1895.016984
Djibouti,Africa,1997,lifeExp,53.157
Djibouti,Africa,1997,pop,417908.0
Djibouti,Africa,2002,gdpPercap,1908.260867
Djibouti,Africa,2002,lifeExp,53.373
Djibouti,Africa,2002,pop,447416.0
Djibouti,Africa,2007,gdpPercap,2082.481567
Djibouti,Africa,2007,lifeExp,54.791
Djibouti,Africa,2007,pop,496374.0
Egypt,Africa,1952,gdpPercap,1418.822445
Egypt,Africa,1952,lifeExp,41.893
Egypt,Africa,1952,pop,22223309.0
Egypt,Africa,1957,gdpPercap,1458.915272
Egypt,Africa,1957,lifeExp,44.444
Egypt,Africa,1957,pop,25009741.0
Egypt,Africa,1962,gdpPercap,1693.335853
Egypt,Africa,1962,lifeExp,46.992
Egypt,Africa,1962,pop,28173309.0
Egypt,Africa,1967,gdpPercap,1814.880728
Egypt,Africa,1967,lifeExp,49.293
Egypt,Africa,1967,pop,31681188.0
Egypt,Africa,1972,gdpPercap,2024.008147
Egypt,Africa,1972,lifeExp,51.137
Egypt,Africa,1972,pop,34807417.0
Egypt,Africa,1977,gdpPercap,2785.493582
Egypt,Africa,1977,lifeExp,53.319
Egypt,Africa,1977,pop,38783863.0
Egypt,Africa,1982,gdpPercap,3503.729636
Egypt,Africa,1982,lifeExp,56.006
Egypt,Africa,1982,pop,45681811.0
Egypt,Africa,1987,gdpPercap,3885.46071
Egypt,Africa,1987,lifeExp,59.797
Egypt,Africa,1987,pop,52799062.0
Egypt,Africa,1992,gdpPercap,3794.755195
Egypt,Africa,1992,lifeExp,63.674
Egypt,Africa,1992,pop,59402198.0
Egypt,Africa,1997,gdpPercap,4173.181797
Egypt,Africa,1997,lifeExp,67.217
Egypt,Africa,1997,pop,66134291.0
Egypt,Africa,2002,gdpPercap,4754.604414
Egypt,Africa,2002,lifeExp,69.806
Egypt,Africa,2002,pop,73312559.0
Egypt,Africa,2007,gdpPercap,5581.180998
Egypt,Africa,2007,lifeExp,71.338
Egypt,Africa,2007,pop,80264543.0
Equatorial Guinea,Africa,1952,gdpPercap,375.6431231
Equatorial Guinea,Africa,1952,lifeExp,34.482
Equatorial Guinea,Africa,1952,pop,216964.0
Equatorial Guinea,Africa,1957,gdpPercap,426.0964081
Equatorial Guinea,Africa,1957,lifeExp,35.983
Equatorial Guinea,Africa,1957,pop,232922.0
Equatorial Guinea,Africa,1962,gdpPercap,582.8419714
Equatorial Guinea,Africa,1962,lifeExp,37.485
Equatorial Guinea,Africa,1962,pop,249220.0
Equatorial Guinea,Africa,1967,gdpPercap,915.5960025
Equatorial Guinea,Africa,1967,lifeExp,38.987
Equatorial Guinea,Africa,1967,pop,259864.0
Equatorial Guinea,Africa,1972,gdpPercap,672.4122571
Equatorial Guinea,Africa,1972,lifeExp,40.516
Equatorial Guinea,Africa,1972,pop,277603.0
Equatorial Guinea,Africa,1977,gdpPercap,958.5668124
Equatorial Guinea,Africa,1977,lifeExp,42.024
Equatorial Guinea,Africa,1977,pop,192675.0
Equatorial Guinea,Africa,1982,gdpPercap,927.8253427
Equatorial Guinea,Africa,1982,lifeExp,43.662
Equatorial Guinea,Africa,1982,pop,285483.0
Equatorial Guinea,Africa,1987,gdpPercap,966.8968149
Equatorial Guinea,Africa,1987,lifeExp,45.664
Equatorial Guinea,Africa,1987,pop,341244.0
Equatorial Guinea,Africa,1992,gdpPercap,1132.055034
Equatorial Guinea,Africa,1992,lifeExp,47.545
Equatorial Guinea,Africa,1992,pop,387838.0
Equatorial Guinea,Africa,1997,gdpPercap,2814.480755
Equatorial Guinea,Africa,1997,lifeExp,48.245
Equatorial Guinea,Africa,1997,pop,439971.0
Equatorial Guinea,Africa,2002,gdpPercap,7703.4959
Equatorial Guinea,Africa,2002,lifeExp,49.348
Equatorial Guinea,Africa,2002,pop,495627.0
Equatorial Guinea,Africa,2007,gdpPercap,12154.08975
Equatorial Guinea,Africa,2007,lifeExp,51.579
Equatorial Guinea,Africa,2007,pop,551201.0
Eritrea,Africa,1952,gdpPercap,328.9405571
Eritrea,Africa,1952,lifeExp,35.928
Eritrea,Africa,1952,pop,1438760.0
Eritrea,Africa,1957,gdpPercap,344.1618859
Eritrea,Africa,1957,lifeExp,38.047
Eritrea,Africa,1957,pop,1542611.0
Eritrea,Africa,1962,gdpPercap,380.9958433
Eritrea,Africa,1962,lifeExp,40.158
Eritrea,Africa,1962,pop,1666618.0
Eritrea,Africa,1967,gdpPercap,468.7949699
Eritrea,Africa,1967,lifeExp,42.189
Eritrea,Africa,1967,pop,1820319.0
Eritrea,Africa,1972,gdpPercap,514.3242082
Eritrea,Africa,1972,lifeExp,44.142
Eritrea,Africa,1972,pop,2260187.0
Eritrea,Africa,1977,gdpPercap,505.7538077
Eritrea,Africa,1977,lifeExp,44.535
Eritrea,Africa,1977,pop,2512642.0
Eritrea,Africa,1982,gdpPercap,524.8758493
Eritrea,Africa,1982,lifeExp,43.89
Eritrea,Africa,1982,pop,2637297.0
Eritrea,Africa,1987,gdpPercap,521.1341333
Eritrea,Africa,1987,lifeExp,46.453
Eritrea,Africa,1987,pop,2915959.0
Eritrea,Africa,1992,gdpPercap,582.8585102
Eritrea,Africa,1992,lifeExp,49.991
Eritrea,Africa,1992,pop,3668440.0
Eritrea,Africa,1997,gdpPercap,913.47079
Eritrea,Africa,1997,lifeExp,53.378
Eritrea,Africa,1997,pop,4058319.0
Eritrea,Africa,2002,gdpPercap,765.3500015
Eritrea,Africa,2002,lifeExp,55.24
Eritrea,Africa,2002,pop,4414865.0
Eritrea,Africa,2007,gdpPercap,641.3695236
Eritrea,Africa,2007,lifeExp,58.04
Eritrea,Africa,2007,pop,4906585.0
Ethiopia,Africa,1952,gdpPercap,362.1462796
Ethiopia,Africa,1952,lifeExp,34.078
Ethiopia,Africa,1952,pop,20860941.0
Ethiopia,Africa,1957,gdpPercap,378.9041632
Ethiopia,Africa,1957,lifeExp,36.667
Ethiopia,Africa,1957,pop,22815614.0
Ethiopia,Africa,1962,gdpPercap,419.4564161
Ethiopia,Africa,1962,lifeExp,40.059
Ethiopia,Africa,1962,pop,25145372.0
Ethiopia,Africa,1967,gdpPercap,516.1186438
Ethiopia,Africa,1967,lifeExp,42.115
Ethiopia,Africa,1967,pop,27860297.0
Ethiopia,Africa,1972,gdpPercap,566.2439442
Ethiopia,Africa,1972,lifeExp,43.515
Ethiopia,Africa,1972,pop,30770372.0
Ethiopia,Africa,1977,gdpPercap,556.8083834
Ethiopia,Africa,1977,lifeExp,44.51
Ethiopia,Africa,1977,pop,34617799.0
Ethiopia,Africa,1982,gdpPercap,577.8607471
Ethiopia,Africa,1982,lifeExp,44.916
Ethiopia,Africa,1982,pop,38111756.0
Ethiopia,Africa,1987,gdpPercap,573.7413142
Ethiopia,Africa,1987,lifeExp,46.684
Ethiopia,Africa,1987,pop,42999530.0
Ethiopia,Africa,1992,gdpPercap,421.3534653
Ethiopia,Africa,1992,lifeExp,48.091
Ethiopia,Africa,1992,pop,52088559.0
Ethiopia,Africa,1997,gdpPercap,515.8894013
Ethiopia,Africa,1997,lifeExp,49.402
Ethiopia,Africa,1997,pop,59861301.0
Ethiopia,Africa,2002,gdpPercap,530.0535319
Ethiopia,Africa,2002,lifeExp,50.725
Ethiopia,Africa,2002,pop,67946797.0
Ethiopia,Africa,2007,gdpPercap,690.8055759
Ethiopia,Africa,2007,lifeExp,52.947
Ethiopia,Africa,2007,pop,76511887.0
Gabon,Africa,1952,gdpPercap,4293.476475
Gabon,Africa,1952,lifeExp,37.003
Gabon,Africa,1952,pop,420702.0
Gabon,Africa,1957,gdpPercap,4976.198099
Gabon,Africa,1957,lifeExp,38.999
Gabon,Africa,1957,pop,434904.0
Gabon,Africa,1962,gdpPercap,6631.459222
Gabon,Africa,1962,lifeExp,40.489
Gabon,Africa,1962,pop,455661.0
Gabon,Africa,1967,gdpPercap,8358.761987
Gabon,Africa,1967,lifeExp,44.598
Gabon,Africa,1967,pop,489004.0
Gabon,Africa,1972,gdpPercap,11401.94841
Gabon,Africa,1972,lifeExp,48.69
Gabon,Africa,1972,pop,537977.0
Gabon,Africa,1977,gdpPercap,21745.57328
Gabon,Africa,1977,lifeExp,52.79
Gabon,Africa,1977,pop,706367.0
Gabon,Africa,1982,gdpPercap,15113.36194
Gabon,Africa,1982,lifeExp,56.564
Gabon,Africa,1982,pop,753874.0
Gabon,Africa,1987,gdpPercap,11864.40844
Gabon,Africa,1987,lifeExp,60.19
Gabon,Africa,1987,pop,880397.0
Gabon,Africa,1992,gdpPercap,13522.15752
Gabon,Africa,1992,lifeExp,61.366
Gabon,Africa,1992,pop,985739.0
Gabon,Africa,1997,gdpPercap,14722.84188
Gabon,Africa,1997,lifeExp,60.461
Gabon,Africa,1997,pop,1126189.0
Gabon,Africa,2002,gdpPercap,12521.71392
Gabon,Africa,2002,lifeExp,56.761
Gabon,Africa,2002,pop,1299304.0
Gabon,Africa,2007,gdpPercap,13206.48452
Gabon,Africa,2007,lifeExp,56.735
Gabon,Africa,2007,pop,1454867.0
Gambia,Africa,1952,gdpPercap,485.2306591
Gambia,Africa,1952,lifeExp,30.0
Gambia,Africa,1952,pop,284320.0
Gambia,Africa,1957,gdpPercap,520.9267111
Gambia,Africa,1957,lifeExp,32.065
Gambia,Africa,1957,pop,323150.0
Gambia,Africa,1962,gdpPercap,599.650276
Gambia,Africa,1962,lifeExp,33.896
Gambia,Africa,1962,pop,374020.0
Gambia,Africa,1967,gdpPercap,734.7829124
Gambia,Africa,1967,lifeExp,35.857
Gambia,Africa,1967,pop,439593.0
Gambia,Africa,1972,gdpPercap,756.0868363
Gambia,Africa,1972,lifeExp,38.308
Gambia,Africa,1972,pop,517101.0
Gambia,Africa,1977,gdpPercap,884.7552507
Gambia,Africa,1977,lifeExp,41.842
Gambia,Africa,1977,pop,608274.0
Gambia,Africa,1982,gdpPercap,835.8096108
Gambia,Africa,1982,lifeExp,45.58
Gambia,Africa,1982,pop,715523.0
Gambia,Africa,1987,gdpPercap,611.6588611
Gambia,Africa,1987,lifeExp,49.265
Gambia,Africa,1987,pop,848406.0
Gambia,Africa,1992,gdpPercap,665.6244126
Gambia,Africa,1992,lifeExp,52.644
Gambia,Africa,1992,pop,1025384.0
Gambia,Africa,1997,gdpPercap,653.7301704
Gambia,Africa,1997,lifeExp,55.861
Gambia,Africa,1997,pop,1235767.0
Gambia,Africa,2002,gdpPercap,660.5855997
Gambia,Africa,2002,lifeExp,58.041
Gambia,Africa,2002,pop,1457766.0
Gambia,Africa,2007,gdpPercap,752.7497265
Gambia,Africa,2007,lifeExp,59.448
Gambia,Africa,2007,pop,1688359.0
Ghana,Africa,1952,gdpPercap,911.2989371
Ghana,Africa,1952,lifeExp,43.149
Ghana,Africa,1952,pop,5581001.0
Ghana,Africa,1957,gdpPercap,1043.561537
Ghana,Africa,1957,lifeExp,44.779
Ghana,Africa,1957,pop,6391288.0
Ghana,Africa,1962,gdpPercap,1190.041118
Ghana,Africa,1962,lifeExp,46.452
Ghana,Africa,1962,pop,7355248.0
Ghana,Africa,1967,gdpPercap,1125.69716
Ghana,Africa,1967,lifeExp,48.072
Ghana,Africa,1967,pop,8490213.0
Ghana,Africa,1972,gdpPercap,1178.223708
Ghana,Africa,1972,lifeExp,49.875
Ghana,Africa,1972,pop,9354120.0
Ghana,Africa,1977,gdpPercap,993.2239571
Ghana,Africa,1977,lifeExp,51.756
Ghana,Africa,1977,pop,10538093.0
Ghana,Africa,1982,gdpPercap,876.032569
Ghana,Africa,1982,lifeExp,53.744
Ghana,Africa,1982,pop,11400338.0
Ghana,Africa,1987,gdpPercap,847.0061135
Ghana,Africa,1987,lifeExp,55.729
Ghana,Africa,1987,pop,14168101.0
Ghana,Africa,1992,gdpPercap,925.060154
Ghana,Africa,1992,lifeExp,57.501
Ghana,Africa,1992,pop,16278738.0
Ghana,Africa,1997,gdpPercap,1005.245812
Ghana,Africa,1997,lifeExp,58.556
Ghana,Africa,1997,pop,18418288.0
Ghana,Africa,2002,gdpPercap,1111.984578
Ghana,Africa,2002,lifeExp,58.453
Ghana,Africa,2002,pop,20550751.0
Ghana,Africa,2007,gdpPercap,1327.60891
Ghana,Africa,2007,lifeExp,60.022
Ghana,Africa,2007,pop,22873338.0
Guinea,Africa,1952,gdpPercap,510.1964923
Guinea,Africa,1952,lifeExp,33.609
Guinea,Africa,1952,pop,2664249.0
Guinea,Africa,1957,gdpPercap,576.2670245
Guinea,Africa,1957,lifeExp,34.558
Guinea,Africa,1957,pop,2876726.0
Guinea,Africa,1962,gdpPercap,686.3736739
Guinea,Africa,1962,lifeExp,35.753
Guinea,Africa,1962,pop,3140003.0
Guinea,Africa,1967,gdpPercap,708.7595409
Guinea,Africa,1967,lifeExp,37.197
Guinea,Africa,1967,pop,3451418.0
Guinea,Africa,1972,gdpPercap,741.6662307
Guinea,Africa,1972,lifeExp,38.842
Guinea,Africa,1972,pop,3811387.0
Guinea,Africa,1977,gdpPercap,874.6858643
Guinea,Africa,1977,lifeExp,40.762
Guinea,Africa,1977,pop,4227026.0
Guinea,Africa,1982,gdpPercap,857.2503577
Guinea,Africa,1982,lifeExp,42.891
Guinea,Africa,1982,pop,4710497.0
Guinea,Africa,1987,gdpPercap,805.5724718
Guinea,Africa,1987,lifeExp,45.552
Guinea,Africa,1987,pop,5650262.0
Guinea,Africa,1992,gdpPercap,794.3484384
Guinea,Africa,1992,lifeExp,48.576
Guinea,Africa,1992,pop,6990574.0
Guinea,Africa,1997,gdpPercap,869.4497668
Guinea,Africa,1997,lifeExp,51.455
Guinea,Africa,1997,pop,8048834.0
Guinea,Africa,2002,gdpPercap,945.5835837
Guinea,Africa,2002,lifeExp,53.676
Guinea,Africa,2002,pop,8807818.0
Guinea,Africa,2007,gdpPercap,942.6542111
Guinea,Africa,2007,lifeExp,56.007
Guinea,Africa,2007,pop,9947814.0
Guinea-Bissau,Africa,1952,gdpPercap,299.850319
Guinea-Bissau,Africa,1952,lifeExp,32.5
Guinea-Bissau,Africa,1952,pop,580653.0
Guinea-Bissau,Africa,1957,gdpPercap,431.7904566
Guinea-Bissau,Africa,1957,lifeExp,33.489
Guinea-Bissau,Africa,1957,pop,601095.0
Guinea-Bissau,Africa,1962,gdpPercap,522.0343725
Guinea-Bissau,Africa,1962,lifeExp,34.488
Guinea-Bissau,Africa,1962,pop,627820.0
Guinea-Bissau,Africa,1967,gdpPercap,715.5806402
Guinea-Bissau,Africa,1967,lifeExp,35.492
Guinea-Bissau,Africa,1967,pop,601287.0
Guinea-Bissau,Africa,1972,gdpPercap,820.2245876
Guinea-Bissau,Africa,1972,lifeExp,36.486
Guinea-Bissau,Africa,1972,pop,625361.0
Guinea-Bissau,Africa,1977,gdpPercap,764.7259628
Guinea-Bissau,Africa,1977,lifeExp,37.465
Guinea-Bissau,Africa,1977,pop,745228.0
Guinea-Bissau,Africa,1982,gdpPercap,838.1239671
Guinea-Bissau,Africa,1982,lifeExp,39.327
Guinea-Bissau,Africa,1982,pop,825987.0
Guinea-Bissau,Africa,1987,gdpPercap,736.4153921
Guinea-Bissau,Africa,1987,lifeExp,41.245
Guinea-Bissau,Africa,1987,pop,927524.0
Guinea-Bissau,Africa,1992,gdpPercap,745.5398706
Guinea-Bissau,Africa,1992,lifeExp,43.266
Guinea-Bissau,Africa,1992,pop,1050938.0
Guinea-Bissau,Africa,1997,gdpPercap,796.6644681
Guinea-Bissau,Africa,1997,lifeExp,44.873
Guinea-Bissau,Africa,1997,pop,1193708.0
Guinea-Bissau,Africa,2002,gdpPercap,575.7047176
Guinea-Bissau,Africa,2002,lifeExp,45.504
Guinea-Bissau,Africa,2002,pop,1332459.0
Guinea-Bissau,Africa,2007,gdpPercap,579.231743
Guinea-Bissau,Africa,2007,lifeExp,46.388
Guinea-Bissau,Africa,2007,pop,1472041.0
Kenya,Africa,1952,gdpPercap,853.540919
Kenya,Africa,1952,lifeExp,42.27
Kenya,Africa,1952,pop,6464046.0
Kenya,Africa,1957,gdpPercap,944.4383152
Kenya,Africa,1957,lifeExp,44.686
Kenya,Africa,1957,pop,7454779.0
Kenya,Africa,1962,gdpPercap,896.9663732
Kenya,Africa,1962,lifeExp,47.949
Kenya,Africa,1962,pop,8678557.0
Kenya,Africa,1967,gdpPercap,1056.736457
Kenya,Africa,1967,lifeExp,50.654
Kenya,Africa,1967,pop,10191512.0
Kenya,Africa,1972,gdpPercap,1222.359968
Kenya,Africa,1972,lifeExp,53.559
Kenya,Africa,1972,pop,12044785.0
Kenya,Africa,1977,gdpPercap,1267.613204
Kenya,Africa,1977,lifeExp,56.155
Kenya,Africa,1977,pop,14500404.0
Kenya,Africa,1982,gdpPercap,1348.225791
Kenya,Africa,1982,lifeExp,58.766
Kenya,Africa,1982,pop,17661452.0
Kenya,Africa,1987,gdpPercap,1361.936856
Kenya,Africa,1987,lifeExp,59.339
Kenya,Africa,1987,pop,21198082.0
Kenya,Africa,1992,gdpPercap,1341.921721
Kenya,Africa,1992,lifeExp,59.285
Kenya,Africa,1992,pop,25020539.0
Kenya,Africa,1997,gdpPercap,1360.485021
Kenya,Africa,1997,lifeExp,54.407
Kenya,Africa,1997,pop,28263827.0
Kenya,Africa,2002,gdpPercap,1287.514732
Kenya,Africa,2002,lifeExp,50.992
Kenya,Africa,2002,pop,31386842.0
Kenya,Africa,2007,gdpPercap,1463.249282
Kenya,Africa,2007,lifeExp,54.11
Kenya,Africa,2007,pop,35610177.0
Lesotho,Africa,1952,gdpPercap,298.8462121
Lesotho,Africa,1952,lifeExp,42.138
Lesotho,Africa,1952,pop,748747.0
Lesotho,Africa,1957,gdpPercap,335.9971151
Lesotho,Africa,1957,lifeExp,45.047
Lesotho,Africa,1957,pop,813338.0
Lesotho,Africa,1962,gdpPercap,411.8006266
Lesotho,Africa,1962,lifeExp,47.747
Lesotho,Africa,1962,pop,893143.0
Lesotho,Africa,1967,gdpPercap,498.6390265
Lesotho,Africa,1967,lifeExp,48.492
Lesotho,Africa,1967,pop,996380.0
Lesotho,Africa,1972,gdpPercap,496.5815922
Lesotho,Africa,1972,lifeExp,49.767
Lesotho,Africa,1972,pop,1116779.0
Lesotho,Africa,1977,gdpPercap,745.3695408
Lesotho,Africa,1977,lifeExp,52.208
Lesotho,Africa,1977,pop,1251524.0
Lesotho,Africa,1982,gdpPercap,797.2631074
Lesotho,Africa,1982,lifeExp,55.078
Lesotho,Africa,1982,pop,1411807.0
Lesotho,Africa,1987,gdpPercap,773.9932141
Lesotho,Africa,1987,lifeExp,57.18
Lesotho,Africa,1987,pop,1599200.0
Lesotho,Africa,1992,gdpPercap,977.4862725
Lesotho,Africa,1992,lifeExp,59.685
Lesotho,Africa,1992,pop,1803195.0
Lesotho,Africa,1997,gdpPercap,1186.147994
Lesotho,Africa,1997,lifeExp,55.558
Lesotho,Africa,1997,pop,1982823.0
Lesotho,Africa,2002,gdpPercap,1275.184575
Lesotho,Africa,2002,lifeExp,44.593
Lesotho,Africa,2002,pop,2046772.0
Lesotho,Africa,2007,gdpPercap,1569.331442
Lesotho,Africa,2007,lifeExp,42.592
Lesotho,Africa,2007,pop,2012649.0
Liberia,Africa,1952,gdpPercap,575.5729961
Liberia,Africa,1952,lifeExp,38.48
Liberia,Africa,1952,pop,863308.0
Liberia,Africa,1957,gdpPercap,620.9699901
Liberia,Africa,1957,lifeExp,39.486
Liberia,Africa,1957,pop,975950.0
Liberia,Africa,1962,gdpPercap,634.1951625
Liberia,Africa,1962,lifeExp,40.502
Liberia,Africa,1962,pop,1112796.0
Liberia,Africa,1967,gdpPercap,713.6036483
Liberia,Africa,1967,lifeExp,41.536
Liberia,Africa,1967,pop,1279406.0
Liberia,Africa,1972,gdpPercap,803.0054535
Liberia,Africa,1972,lifeExp,42.614
Liberia,Africa,1972,pop,1482628.0
Liberia,Africa,1977,gdpPercap,640.3224383
Liberia,Africa,1977,lifeExp,43.764
Liberia,Africa,1977,pop,1703617.0
Liberia,Africa,1982,gdpPercap,572.1995694
Liberia,Africa,1982,lifeExp,44.852
Liberia,Africa,1982,pop,1956875.0
Liberia,Africa,1987,gdpPercap,506.1138573
Liberia,Africa,1987,lifeExp,46.027
Liberia,Africa,1987,pop,2269414.0
Liberia,Africa,1992,gdpPercap,636.6229191
Liberia,Africa,1992,lifeExp,40.802
Liberia,Africa,1992,pop,1912974.0
Liberia,Africa,1997,gdpPercap,609.1739508
Liberia,Africa,1997,lifeExp,42.221
Liberia,Africa,1997,pop,2200725.0
Liberia,Africa,2002,gdpPercap,531.4823679
Liberia,Africa,2002,lifeExp,43.753
Liberia,Africa,2002,pop,2814651.0
Liberia,Africa,2007,gdpPercap,414.5073415
Liberia,Africa,2007,lifeExp,45.678
Liberia,Africa,2007,pop,3193942.0
Libya,Africa,1952,gdpPercap,2387.54806
Libya,Africa,1952,lifeExp,42.723
Libya,Africa,1952,pop,1019729.0
Libya,Africa,1957,gdpPercap,3448.284395
Libya,Africa,1957,lifeExp,45.289
Libya,Africa,1957,pop,1201578.0
Libya,Africa,1962,gdpPercap,6757.030816
Libya,Africa,1962,lifeExp,47.808
Libya,Africa,1962,pop,1441863.0
Libya,Africa,1967,gdpPercap,18772.75169
Libya,Africa,1967,lifeExp,50.227
Libya,Africa,1967,pop,1759224.0
Libya,Africa,1972,gdpPercap,21011.49721
Libya,Africa,1972,lifeExp,52.773
Libya,Africa,1972,pop,2183877.0
Libya,Africa,1977,gdpPercap,21951.21176
Libya,Africa,1977,lifeExp,57.442
Libya,Africa,1977,pop,2721783.0
Libya,Africa,1982,gdpPercap,17364.27538
Libya,Africa,1982,lifeExp,62.155
Libya,Africa,1982,pop,3344074.0
Libya,Africa,1987,gdpPercap,11770.5898
Libya,Africa,1987,lifeExp,66.234
Libya,Africa,1987,pop,3799845.0
Libya,Africa,1992,gdpPercap,9640.138501
Libya,Africa,1992,lifeExp,68.755
Libya,Africa,1992,pop,4364501.0
Libya,Africa,1997,gdpPercap,9467.446056
Libya,Africa,1997,lifeExp,71.555
Libya,Africa,1997,pop,4759670.0
Libya,Africa,2002,gdpPercap,9534.677467
Libya,Africa,2002,lifeExp,72.737
Libya,Africa,2002,pop,5368585.0
Libya,Africa,2007,gdpPercap,12057.49928
Libya,Africa,2007,lifeExp,73.952
Libya,Africa,2007,pop,6036914.0
Madagascar,Africa,1952,gdpPercap,1443.011715
Madagascar,Africa,1952,lifeExp,36.681
Madagascar,Africa,1952,pop,4762912.0
Madagascar,Africa,1957,gdpPercap,1589.20275
Madagascar,Africa,1957,lifeExp,38.865
Madagascar,Africa,1957,pop,5181679.0
Madagascar,Africa,1962,gdpPercap,1643.38711
Madagascar,Africa,1962,lifeExp,40.848
Madagascar,Africa,1962,pop,5703324.0
Madagascar,Africa,1967,gdpPercap,1634.047282
Madagascar,Africa,1967,lifeExp,42.881
Madagascar,Africa,1967,pop,6334556.0
Madagascar,Africa,1972,gdpPercap,1748.562982
Madagascar,Africa,1972,lifeExp,44.851
Madagascar,Africa,1972,pop,7082430.0
Madagascar,Africa,1977,gdpPercap,1544.228586
Madagascar,Africa,1977,lifeExp,46.881
Madagascar,Africa,1977,pop,8007166.0
Madagascar,Africa,1982,gdpPercap,1302.878658
Madagascar,Africa,1982,lifeExp,48.969
Madagascar,Africa,1982,pop,9171477.0
Madagascar,Africa,1987,gdpPercap,1155.441948
Madagascar,Africa,1987,lifeExp,49.35
Madagascar,Africa,1987,pop,10568642.0
Madagascar,Africa,1992,gdpPercap,1040.67619
Madagascar,Africa,1992,lifeExp,52.214
Madagascar,Africa,1992,pop,12210395.0
Madagascar,Africa,1997,gdpPercap,986.2958956
Madagascar,Africa,1997,lifeExp,54.978
Madagascar,Africa,1997,pop,14165114.0
Madagascar,Africa,2002,gdpPercap,894.6370822
Madagascar,Africa,2002,lifeExp,57.286
Madagascar,Africa,2002,pop,16473477.0
Madagascar,Africa,2007,gdpPercap,1044.770126
Madagascar,Africa,2007,lifeExp,59.443
Madagascar,Africa,2007,pop,19167654.0
Malawi,Africa,1952,gdpPercap,369.1650802
Malawi,Africa,1952,lifeExp,36.256
Malawi,Africa,1952,pop,2917802.0
Malawi,Africa,1957,gdpPercap,416.3698064
Malawi,Africa,1957,lifeExp,37.207
Malawi,Africa,1957,pop,3221238.0
Malawi,Africa,1962,gdpPercap,427.9010856
Malawi,Africa,1962,lifeExp,38.41
Malawi,Africa,1962,pop,3628608.0
Malawi,Africa,1967,gdpPercap,495.5147806
Malawi,Africa,1967,lifeExp,39.487
Malawi,Africa,1967,pop,4147252.0
Malawi,Africa,1972,gdpPercap,584.6219709
Malawi,Africa,1972,lifeExp,41.766
Malawi,Africa,1972,pop,4730997.0
Malawi,Africa,1977,gdpPercap,663.2236766
Malawi,Africa,1977,lifeExp,43.767
Malawi,Africa,1977,pop,5637246.0
Malawi,Africa,1982,gdpPercap,632.8039209
Malawi,Africa,1982,lifeExp,45.642
Malawi,Africa,1982,pop,6502825.0
Malawi,Africa,1987,gdpPercap,635.5173634
Malawi,Africa,1987,lifeExp,47.457
Malawi,Africa,1987,pop,7824747.0
Malawi,Africa,1992,gdpPercap,563.2000145
Malawi,Africa,1992,lifeExp,49.42
Malawi,Africa,1992,pop,10014249.0
Malawi,Africa,1997,gdpPercap,692.2758103
Malawi,Africa,1997,lifeExp,47.495
Malawi,Africa,1997,pop,10419991.0
Malawi,Africa,2002,gdpPercap,665.4231186
Malawi,Africa,2002,lifeExp,45.009
Malawi,Africa,2002,pop,11824495.0
Malawi,Africa,2007,gdpPercap,759.3499101
Malawi,Africa,2007,lifeExp,48.303
Malawi,Africa,2007,pop,13327079.0
Mali,Africa,1952,gdpPercap,452.3369807
Mali,Africa,1952,lifeExp,33.685
Mali,Africa,1952,pop,3838168.0
Mali,Africa,1957,gdpPercap,490.3821867
Mali,Africa,1957,lifeExp,35.307
Mali,Africa,1957,pop,4241884.0
Mali,Africa,1962,gdpPercap,496.1743428
Mali,Africa,1962,lifeExp,36.936
Mali,Africa,1962,pop,4690372.0
Mali,Africa,1967,gdpPercap,545.0098873
Mali,Africa,1967,lifeExp,38.487
Mali,Africa,1967,pop,5212416.0
Mali,Africa,1972,gdpPercap,581.3688761
Mali,Africa,1972,lifeExp,39.977
Mali,Africa,1972,pop,5828158.0
Mali,Africa,1977,gdpPercap,686.3952693
Mali,Africa,1977,lifeExp,41.714
Mali,Africa,1977,pop,6491649.0
Mali,Africa,1982,gdpPercap,618.0140641
Mali,Africa,1982,lifeExp,43.916
Mali,Africa,1982,pop,6998256.0
Mali,Africa,1987,gdpPercap,684.1715576
Mali,Africa,1987,lifeExp,46.364
Mali,Africa,1987,pop,7634008.0
Mali,Africa,1992,gdpPercap,739.014375
Mali,Africa,1992,lifeExp,48.388
Mali,Africa,1992,pop,8416215.0
Mali,Africa,1997,gdpPercap,790.2579846
Mali,Africa,1997,lifeExp,49.903
Mali,Africa,1997,pop,9384984.0
Mali,Africa,2002,gdpPercap,951.4097518
Mali,Africa,2002,lifeExp,51.818
Mali,Africa,2002,pop,10580176.0
Mali,Africa,2007,gdpPercap,1042.581557
Mali,Africa,2007,lifeExp,54.467
Mali,Africa,2007,pop,12031795.0
Mauritania,Africa,1952,gdpPercap,743.1159097
Mauritania,Africa,1952,lifeExp,40.543
Mauritania,Africa,1952,pop,1022556.0
Mauritania,Africa,1957,gdpPercap,846.1202613
Mauritania,Africa,1957,lifeExp,42.338
Mauritania,Africa,1957,pop,1076852.0
Mauritania,Africa,1962,gdpPercap,1055.896036
Mauritania,Africa,1962,lifeExp,44.248
Mauritania,Africa,1962,pop,1146757.0
Mauritania,Africa,1967,gdpPercap,1421.145193
Mauritania,Africa,1967,lifeExp,46.289
Mauritania,Africa,1967,pop,1230542.0
Mauritania,Africa,1972,gdpPercap,1586.851781
Mauritania,Africa,1972,lifeExp,48.437
Mauritania,Africa,1972,pop,1332786.0
Mauritania,Africa,1977,gdpPercap,1497.492223
Mauritania,Africa,1977,lifeExp,50.852
Mauritania,Africa,1977,pop,1456688.0
Mauritania,Africa,1982,gdpPercap,1481.150189
Mauritania,Africa,1982,lifeExp,53.599
Mauritania,Africa,1982,pop,1622136.0
Mauritania,Africa,1987,gdpPercap,1421.603576
Mauritania,Africa,1987,lifeExp,56.145
Mauritania,Africa,1987,pop,1841240.0
Mauritania,Africa,1992,gdpPercap,1361.369784
Mauritania,Africa,1992,lifeExp,58.333
Mauritania,Africa,1992,pop,2119465.0
Mauritania,Africa,1997,gdpPercap,1483.136136
Mauritania,Africa,1997,lifeExp,60.43
Mauritania,Africa,1997,pop,2444741.0
Mauritania,Africa,2002,gdpPercap,1579.019543
Mauritania,Africa,2002,lifeExp,62.247
Mauritania,Africa,2002,pop,2828858.0
Mauritania,Africa,2007,gdpPercap,1803.151496
Mauritania,Africa,2007,lifeExp,64.164
Mauritania,Africa,2007,pop,3270065.0
Mauritius,Africa,1952,gdpPercap,1967.955707
Mauritius,Africa,1952,lifeExp,50.986
Mauritius,Africa,1952,pop,516556.0
Mauritius,Africa,1957,gdpPercap,2034.037981
Mauritius,Africa,1957,lifeExp,58.089
Mauritius,Africa,1957,pop,609816.0
Mauritius,Africa,1962,gdpPercap,2529.067487
Mauritius,Africa,1962,lifeExp,60.246
Mauritius,Africa,1962,pop,701016.0
Mauritius,Africa,1967,gdpPercap,2475.387562
Mauritius,Africa,1967,lifeExp,61.557
Mauritius,Africa,1967,pop,789309.0
Mauritius,Africa,1972,gdpPercap,2575.484158
Mauritius,Africa,1972,lifeExp,62.944
Mauritius,Africa,1972,pop,851334.0
Mauritius,Africa,1977,gdpPercap,3710.982963
Mauritius,Africa,1977,lifeExp,64.93
Mauritius,Africa,1977,pop,913025.0
Mauritius,Africa,1982,gdpPercap,3688.037739
Mauritius,Africa,1982,lifeExp,66.711
Mauritius,Africa,1982,pop,992040.0
Mauritius,Africa,1987,gdpPercap,4783.586903
Mauritius,Africa,1987,lifeExp,68.74
Mauritius,Africa,1987,pop,1042663.0
Mauritius,Africa,1992,gdpPercap,6058.253846
Mauritius,Africa,1992,lifeExp,69.745
Mauritius,Africa,1992,pop,1096202.0
Mauritius,Africa,1997,gdpPercap,7425.705295
Mauritius,Africa,1997,lifeExp,70.736
Mauritius,Africa,1997,pop,1149818.0
Mauritius,Africa,2002,gdpPercap,9021.815894
Mauritius,Africa,2002,lifeExp,71.954
Mauritius,Africa,2002,pop,1200206.0
Mauritius,Africa,2007,gdpPercap,10956.99112
Mauritius,Africa,2007,lifeExp,72.801
Mauritius,Africa,2007,pop,1250882.0
Morocco,Africa,1952,gdpPercap,1688.20357
Morocco,Africa,1952,lifeExp,42.873
Morocco,Africa,1952,pop,9939217.0
Morocco,Africa,1957,gdpPercap,1642.002314
Morocco,Africa,1957,lifeExp,45.423
Morocco,Africa,1957,pop,11406350.0
Morocco,Africa,1962,gdpPercap,1566.353493
Morocco,Africa,1962,lifeExp,47.924
Morocco,Africa,1962,pop,13056604.0
Morocco,Africa,1967,gdpPercap,1711.04477
Morocco,Africa,1967,lifeExp,50.335
Morocco,Africa,1967,pop,14770296.0
Morocco,Africa,1972,gdpPercap,1930.194975
Morocco,Africa,1972,lifeExp,52.862
Morocco,Africa,1972,pop,16660670.0
Morocco,Africa,1977,gdpPercap,2370.619976
Morocco,Africa,1977,lifeExp,55.73
Morocco,Africa,1977,pop,18396941.0
Morocco,Africa,1982,gdpPercap,2702.620356
Morocco,Africa,1982,lifeExp,59.65
Morocco,Africa,1982,pop,20198730.0
Morocco,Africa,1987,gdpPercap,2755.046991
Morocco,Africa,1987,lifeExp,62.677
Morocco,Africa,1987,pop,22987397.0
Morocco,Africa,1992,gdpPercap,2948.047252
Morocco,Africa,1992,lifeExp,65.393
Morocco,Africa,1992,pop,25798239.0
Morocco,Africa,1997,gdpPercap,2982.101858
Morocco,Africa,1997,lifeExp,67.66
Morocco,Africa,1997,pop,28529501.0
Morocco,Africa,2002,gdpPercap,3258.495584
Morocco,Africa,2002,lifeExp,69.615
Morocco,Africa,2002,pop,31167783.0
Morocco,Africa,2007,gdpPercap,3820.17523
Morocco,Africa,2007,lifeExp,71.164
Morocco,Africa,2007,pop,33757175.0
Mozambique,Africa,1952,gdpPercap,468.5260381
Mozambique,Africa,1952,lifeExp,31.286
Mozambique,Africa,1952,pop,6446316.0
Mozambique,Africa,1957,gdpPercap,495.5868333
Mozambique,Africa,1957,lifeExp,33.779
Mozambique,Africa,1957,pop,7038035.0
Mozambique,Africa,1962,gdpPercap,556.6863539
Mozambique,Africa,1962,lifeExp,36.161
Mozambique,Africa,1962,pop,7788944.0
Mozambique,Africa,1967,gdpPercap,566.6691539
Mozambique,Africa,1967,lifeExp,38.113
Mozambique,Africa,1967,pop,8680909.0
Mozambique,Africa,1972,gdpPercap,724.9178037
Mozambique,Africa,1972,lifeExp,40.328
Mozambique,Africa,1972,pop,9809596.0
Mozambique,Africa,1977,gdpPercap,502.3197334
Mozambique,Africa,1977,lifeExp,42.495
Mozambique,Africa,1977,pop,11127868.0
Mozambique,Africa,1982,gdpPercap,462.2114149
Mozambique,Africa,1982,lifeExp,42.795
Mozambique,Africa,1982,pop,12587223.0
Mozambique,Africa,1987,gdpPercap,389.8761846
Mozambique,Africa,1987,lifeExp,42.861
Mozambique,Africa,1987,pop,12891952.0
Mozambique,Africa,1992,gdpPercap,410.8968239
Mozambique,Africa,1992,lifeExp,44.284
Mozambique,Africa,1992,pop,13160731.0
Mozambique,Africa,1997,gdpPercap,472.3460771
Mozambique,Africa,1997,lifeExp,46.344
Mozambique,Africa,1997,pop,16603334.0
Mozambique,Africa,2002,gdpPercap,633.6179466
Mozambique,Africa,2002,lifeExp,44.026
Mozambique,Africa,2002,pop,18473780.0
Mozambique,Africa,2007,gdpPercap,823.6856205
Mozambique,Africa,2007,lifeExp,42.082
Mozambique,Africa,2007,pop,19951656.0
Namibia,Africa,1952,gdpPercap,2423.780443
Namibia,Africa,1952,lifeExp,41.725
Namibia,Africa,1952,pop,485831.0
Namibia,Africa,1957,gdpPercap,2621.448058
Namibia,Africa,1957,lifeExp,45.226
Namibia,Africa,1957,pop,548080.0
Namibia,Africa,1962,gdpPercap,3173.215595
Namibia,Africa,1962,lifeExp,48.386
Namibia,Africa,1962,pop,621392.0
Namibia,Africa,1967,gdpPercap,3793.694753
Namibia,Africa,1967,lifeExp,51.159
Namibia,Africa,1967,pop,706640.0
Namibia,Africa,1972,gdpPercap,3746.080948
Namibia,Africa,1972,lifeExp,53.867
Namibia,Africa,1972,pop,821782.0
Namibia,Africa,1977,gdpPercap,3876.485958
Namibia,Africa,1977,lifeExp,56.437
Namibia,Africa,1977,pop,977026.0
Namibia,Africa,1982,gdpPercap,4191.100511
Namibia,Africa,1982,lifeExp,58.968
Namibia,Africa,1982,pop,1099010.0
Namibia,Africa,1987,gdpPercap,3693.731337
Namibia,Africa,1987,lifeExp,60.835
Namibia,Africa,1987,pop,1278184.0
Namibia,Africa,1992,gdpPercap,3804.537999
Namibia,Africa,1992,lifeExp,61.999
Namibia,Africa,1992,pop,1554253.0
Namibia,Africa,1997,gdpPercap,3899.52426
Namibia,Africa,1997,lifeExp,58.909
Namibia,Africa,1997,pop,1774766.0
Namibia,Africa,2002,gdpPercap,4072.324751
Namibia,Africa,2002,lifeExp,51.479
Namibia,Africa,2002,pop,1972153.0
Namibia,Africa,2007,gdpPercap,4811.060429
Namibia,Africa,2007,lifeExp,52.906
Namibia,Africa,2007,pop,2055080.0
Niger,Africa,1952,gdpPercap,761.879376
Niger,Africa,1952,lifeExp,37.444
Niger,Africa,1952,pop,3379468.0
Niger,Africa,1957,gdpPercap,835.5234025
Niger,Africa,1957,lifeExp,38.598
Niger,Africa,1957,pop,3692184.0
Niger,Africa,1962,gdpPercap,997.7661127
Niger,Africa,1962,lifeExp,39.487
Niger,Africa,1962,pop,4076008.0
Niger,Africa,1967,gdpPercap,1054.384891
Niger,Africa,1967,lifeExp,40.118
Niger,Africa,1967,pop,4534062.0
Niger,Africa,1972,gdpPercap,954.2092363
Niger,Africa,1972,lifeExp,40.546
Niger,Africa,1972,pop,5060262.0
Niger,Africa,1977,gdpPercap,808.8970728
Niger,Africa,1977,lifeExp,41.291
Niger,Africa,1977,pop,5682086.0
Niger,Africa,1982,gdpPercap,909.7221354
Niger,Africa,1982,lifeExp,42.598
Niger,Africa,1982,pop,6437188.0
Niger,Africa,1987,gdpPercap,668.3000228
Niger,Africa,1987,lifeExp,44.555
Niger,Africa,1987,pop,7332638.0
Niger,Africa,1992,gdpPercap,581.182725
Niger,Africa,1992,lifeExp,47.391
Niger,Africa,1992,pop,8392818.0
Niger,Africa,1997,gdpPercap,580.3052092
Niger,Africa,1997,lifeExp,51.313
Niger,Africa,1997,pop,9666252.0
Niger,Africa,2002,gdpPercap,601.0745012
Niger,Africa,2002,lifeExp,54.496
Niger,Africa,2002,pop,11140655.0
Niger,Africa,2007,gdpPercap,619.6768924
Niger,Africa,2007,lifeExp,56.867
Niger,Africa,2007,pop,12894865.0
Nigeria,Africa,1952,gdpPercap,1077.281856
Nigeria,Africa,1952,lifeExp,36.324
Nigeria,Africa,1952,pop,33119096.0
Nigeria,Africa,1957,gdpPercap,1100.592563
Nigeria,Africa,1957,lifeExp,37.802
Nigeria,Africa,1957,pop,37173340.0
Nigeria,Africa,1962,gdpPercap,1150.927478
Nigeria,Africa,1962,lifeExp,39.36
Nigeria,Africa,1962,pop,41871351.0
Nigeria,Africa,1967,gdpPercap,1014.514104
Nigeria,Africa,1967,lifeExp,41.04
Nigeria,Africa,1967,pop,47287752.0
Nigeria,Africa,1972,gdpPercap,1698.388838
Nigeria,Africa,1972,lifeExp,42.821
Nigeria,Africa,1972,pop,53740085.0
Nigeria,Africa,1977,gdpPercap,1981.951806
Nigeria,Africa,1977,lifeExp,44.514
Nigeria,Africa,1977,pop,62209173.0
Nigeria,Africa,1982,gdpPercap,1576.97375
Nigeria,Africa,1982,lifeExp,45.826
Nigeria,Africa,1982,pop,73039376.0
Nigeria,Africa,1987,gdpPercap,1385.029563
Nigeria,Africa,1987,lifeExp,46.886
Nigeria,Africa,1987,pop,81551520.0
Nigeria,Africa,1992,gdpPercap,1619.848217
Nigeria,Africa,1992,lifeExp,47.472
Nigeria,Africa,1992,pop,93364244.0
Nigeria,Africa,1997,gdpPercap,1624.941275
Nigeria,Africa,1997,lifeExp,47.464
Nigeria,Africa,1997,pop,106207839.0
Nigeria,Africa,2002,gdpPercap,1615.286395
Nigeria,Africa,2002,lifeExp,46.608
Nigeria,Africa,2002,pop,119901274.0
Nigeria,Africa,2007,gdpPercap,2013.977305
Nigeria,Africa,2007,lifeExp,46.859
Nigeria,Africa,2007,pop,135031164.0
Reunion,Africa,1952,gdpPercap,2718.885295
Reunion,Africa,1952,lifeExp,52.724
Reunion,Africa,1952,pop,257700.0
Reunion,Africa,1957,gdpPercap,2769.451844
Reunion,Africa,1957,lifeExp,55.09
Reunion,Africa,1957,pop,308700.0
Reunion,Africa,1962,gdpPercap,3173.72334
Reunion,Africa,1962,lifeExp,57.666
Reunion,Africa,1962,pop,358900.0
Reunion,Africa,1967,gdpPercap,4021.175739
Reunion,Africa,1967,lifeExp,60.542
Reunion,Africa,1967,pop,414024.0
Reunion,Africa,1972,gdpPercap,5047.658563
Reunion,Africa,1972,lifeExp,64.274
Reunion,Africa,1972,pop,461633.0
Reunion,Africa,1977,gdpPercap,4319.804067
Reunion,Africa,1977,lifeExp,67.064
Reunion,Africa,1977,pop,492095.0
Reunion,Africa,1982,gdpPercap,5267.219353
Reunion,Africa,1982,lifeExp,69.885
Reunion,Africa,1982,pop,517810.0
Reunion,Africa,1987,gdpPercap,5303.377488
Reunion,Africa,1987,lifeExp,71.913
Reunion,Africa,1987,pop,562035.0
Reunion,Africa,1992,gdpPercap,6101.255823
Reunion,Africa,1992,lifeExp,73.615
Reunion,Africa,1992,pop,622191.0
Reunion,Africa,1997,gdpPercap,6071.941411
Reunion,Africa,1997,lifeExp,74.772
Reunion,Africa,1997,pop,684810.0
Reunion,Africa,2002,gdpPercap,6316.1652
Reunion,Africa,2002,lifeExp,75.744
Reunion,Africa,2002,pop,743981.0
Reunion,Africa,2007,gdpPercap,7670.122558
Reunion,Africa,2007,lifeExp,76.442
Reunion,Africa,2007,pop,798094.0
Rwanda,Africa,1952,gdpPercap,493.3238752
Rwanda,Africa,1952,lifeExp,40.0
Rwanda,Africa,1952,pop,2534927.0
Rwanda,Africa,1957,gdpPercap,540.2893983
Rwanda,Africa,1957,lifeExp,41.5
Rwanda,Africa,1957,pop,2822082.0
Rwanda,Africa,1962,gdpPercap,597.4730727
Rwanda,Africa,1962,lifeExp,43.0
Rwanda,Africa,1962,pop,3051242.0
Rwanda,Africa,1967,gdpPercap,510.9637142
Rwanda,Africa,1967,lifeExp,44.1
Rwanda,Africa,1967,pop,3451079.0
Rwanda,Africa,1972,gdpPercap,590.5806638
Rwanda,Africa,1972,lifeExp,44.6
Rwanda,Africa,1972,pop,3992121.0
Rwanda,Africa,1977,gdpPercap,670.0806011
Rwanda,Africa,1977,lifeExp,45.0
Rwanda,Africa,1977,pop,4657072.0
Rwanda,Africa,1982,gdpPercap,881.5706467
Rwanda,Africa,1982,lifeExp,46.218
Rwanda,Africa,1982,pop,5507565.0
Rwanda,Africa,1987,gdpPercap,847.991217
Rwanda,Africa,1987,lifeExp,44.02
Rwanda,Africa,1987,pop,6349365.0
Rwanda,Africa,1992,gdpPercap,737.0685949
Rwanda,Africa,1992,lifeExp,23.599
Rwanda,Africa,1992,pop,7290203.0
Rwanda,Africa,1997,gdpPercap,589.9445051
Rwanda,Africa,1997,lifeExp,36.087
Rwanda,Africa,1997,pop,7212583.0
Rwanda,Africa,2002,gdpPercap,785.6537648
Rwanda,Africa,2002,lifeExp,43.413
Rwanda,Africa,2002,pop,7852401.0
Rwanda,Africa,2007,gdpPercap,863.0884639
Rwanda,Africa,2007,lifeExp,46.242
Rwanda,Africa,2007,pop,8860588.0
Sao Tome and Principe,Africa,1952,gdpPercap,879.5835855
Sao Tome and Principe,Africa,1952,lifeExp,46.471
Sao Tome and Principe,Africa,1952,pop,60011.0
Sao Tome and Principe,Africa,1957,gdpPercap,860.7369026
Sao Tome and Principe,Africa,1957,lifeExp,48.945
Sao Tome and Principe,Africa,1957,pop,61325.0
Sao Tome and Principe,Africa,1962,gdpPercap,1071.551119
Sao Tome and Principe,Africa,1962,lifeExp,51.893
Sao Tome and Principe,Africa,1962,pop,65345.0
Sao Tome and Principe,Africa,1967,gdpPercap,1384.840593
Sao Tome and Principe,Africa,1967,lifeExp,54.425
Sao Tome and Principe,Africa,1967,pop,70787.0
Sao Tome and Principe,Africa,1972,gdpPercap,1532.985254
Sao Tome and Principe,Africa,1972,lifeExp,56.48
Sao Tome and Principe,Africa,1972,pop,76595.0
Sao Tome and Principe,Africa,1977,gdpPercap,1737.561657
Sao Tome and Principe,Africa,1977,lifeExp,58.55
Sao Tome and Principe,Africa,1977,pop,86796.0
Sao Tome and Principe,Africa,1982,gdpPercap,1890.218117
Sao Tome and Principe,Africa,1982,lifeExp,60.351
Sao Tome and Principe,Africa,1982,pop,98593.0
Sao Tome and Principe,Africa,1987,gdpPercap,1516.525457
Sao Tome and Principe,Africa,1987,lifeExp,61.728
Sao Tome and Principe,Africa,1987,pop,110812.0
Sao Tome and Principe,Africa,1992,gdpPercap,1428.777814
Sao Tome and Principe,Africa,1992,lifeExp,62.742
Sao Tome and Principe,Africa,1992,pop,125911.0
Sao Tome and Principe,Africa,1997,gdpPercap,1339.076036
Sao Tome and Principe,Africa,1997,lifeExp,63.306
Sao Tome and Principe,Africa,1997,pop,145608.0
Sao Tome and Principe,Africa,2002,gdpPercap,1353.09239
Sao Tome and Principe,Africa,2002,lifeExp,64.337
Sao Tome and Principe,Africa,2002,pop,170372.0
Sao Tome and Principe,Africa,2007,gdpPercap,1598.435089
Sao Tome and Principe,Africa,2007,lifeExp,65.528
Sao Tome and Principe,Africa,2007,pop,199579.0
Senegal,Africa,1952,gdpPercap,1450.356983
Senegal,Africa,1952,lifeExp,37.278
Senegal,Africa,1952,pop,2755589.0
Senegal,Africa,1957,gdpPercap,1567.653006
Senegal,Africa,1957,lifeExp,39.329
Senegal,Africa,1957,pop,3054547.0
Senegal,Africa,1962,gdpPercap,1654.988723
Senegal,Africa,1962,lifeExp,41.454
Senegal,Africa,1962,pop,3430243.0
Senegal,Africa,1967,gdpPercap,1612.404632
Senegal,Africa,1967,lifeExp,43.563
Senegal,Africa,1967,pop,3965841.0
Senegal,Africa,1972,gdpPercap,1597.712056
Senegal,Africa,1972,lifeExp,45.815
Senegal,Africa,1972,pop,4588696.0
Senegal,Africa,1977,gdpPercap,1561.769116
Senegal,Africa,1977,lifeExp,48.879
Senegal,Africa,1977,pop,5260855.0
Senegal,Africa,1982,gdpPercap,1518.479984
Senegal,Africa,1982,lifeExp,52.379
Senegal,Africa,1982,pop,6147783.0
Senegal,Africa,1987,gdpPercap,1441.72072
Senegal,Africa,1987,lifeExp,55.769
Senegal,Africa,1987,pop,7171347.0
Senegal,Africa,1992,gdpPercap,1367.899369
Senegal,Africa,1992,lifeExp,58.196
Senegal,Africa,1992,pop,8307920.0
Senegal,Africa,1997,gdpPercap,1392.368347
Senegal,Africa,1997,lifeExp,60.187
Senegal,Africa,1997,pop,9535314.0
Senegal,Africa,2002,gdpPercap,1519.635262
Senegal,Africa,2002,lifeExp,61.6
Senegal,Africa,2002,pop,10870037.0
Senegal,Africa,2007,gdpPercap,1712.472136
Senegal,Africa,2007,lifeExp,63.062
Senegal,Africa,2007,pop,12267493.0
Sierra Leone,Africa,1952,gdpPercap,879.7877358
Sierra Leone,Africa,1952,lifeExp,30.331
Sierra Leone,Africa,1952,pop,2143249.0
Sierra Leone,Africa,1957,gdpPercap,1004.484437
Sierra Leone,Africa,1957,lifeExp,31.57
Sierra Leone,Africa,1957,pop,2295678.0
Sierra Leone,Africa,1962,gdpPercap,1116.639877
Sierra Leone,Africa,1962,lifeExp,32.767
Sierra Leone,Africa,1962,pop,2467895.0
Sierra Leone,Africa,1967,gdpPercap,1206.043465
Sierra Leone,Africa,1967,lifeExp,34.113
Sierra Leone,Africa,1967,pop,2662190.0
Sierra Leone,Africa,1972,gdpPercap,1353.759762
Sierra Leone,Africa,1972,lifeExp,35.4
Sierra Leone,Africa,1972,pop,2879013.0
Sierra Leone,Africa,1977,gdpPercap,1348.285159
Sierra Leone,Africa,1977,lifeExp,36.788
Sierra Leone,Africa,1977,pop,3140897.0
Sierra Leone,Africa,1982,gdpPercap,1465.010784
Sierra Leone,Africa,1982,lifeExp,38.445
Sierra Leone,Africa,1982,pop,3464522.0
Sierra Leone,Africa,1987,gdpPercap,1294.447788
Sierra Leone,Africa,1987,lifeExp,40.006
Sierra Leone,Africa,1987,pop,3868905.0
Sierra Leone,Africa,1992,gdpPercap,1068.696278
Sierra Leone,Africa,1992,lifeExp,38.333
Sierra Leone,Africa,1992,pop,4260884.0
Sierra Leone,Africa,1997,gdpPercap,574.6481576
Sierra Leone,Africa,1997,lifeExp,39.897
Sierra Leone,Africa,1997,pop,4578212.0
Sierra Leone,Africa,2002,gdpPercap,699.489713
Sierra Leone,Africa,2002,lifeExp,41.012
Sierra Leone,Africa,2002,pop,5359092.0
Sierra Leone,Africa,2007,gdpPercap,862.5407561
Sierra Leone,Africa,2007,lifeExp,42.568
Sierra Leone,Africa,2007,pop,6144562.0
Somalia,Africa,1952,gdpPercap,1135.749842
Somalia,Africa,1952,lifeExp,32.978
Somalia,Africa,1952,pop,2526994.0
Somalia,Africa,1957,gdpPercap,1258.147413
Somalia,Africa,1957,lifeExp,34.977
Somalia,Africa,1957,pop,2780415.0
Somalia,Africa,1962,gdpPercap,1369.488336
Somalia,Africa,1962,lifeExp,36.981
Somalia,Africa,1962,pop,3080153.0
Somalia,Africa,1967,gdpPercap,1284.73318
Somalia,Africa,1967,lifeExp,38.977
Somalia,Africa,1967,pop,3428839.0
Somalia,Africa,1972,gdpPercap,1254.576127
Somalia,Africa,1972,lifeExp,40.973
Somalia,Africa,1972,pop,3840161.0
Somalia,Africa,1977,gdpPercap,1450.992513
Somalia,Africa,1977,lifeExp,41.974
Somalia,Africa,1977,pop,4353666.0
Somalia,Africa,1982,gdpPercap,1176.807031
Somalia,Africa,1982,lifeExp,42.955
Somalia,Africa,1982,pop,5828892.0
Somalia,Africa,1987,gdpPercap,1093.244963
Somalia,Africa,1987,lifeExp,44.501
Somalia,Africa,1987,pop,6921858.0
Somalia,Africa,1992,gdpPercap,926.9602964
Somalia,Africa,1992,lifeExp,39.658
Somalia,Africa,1992,pop,6099799.0
Somalia,Africa,1997,gdpPercap,930.5964284
Somalia,Africa,1997,lifeExp,43.795
Somalia,Africa,1997,pop,6633514.0
Somalia,Africa,2002,gdpPercap,882.0818218
Somalia,Africa,2002,lifeExp,45.936
Somalia,Africa,2002,pop,7753310.0
Somalia,Africa,2007,gdpPercap,926.1410683
Somalia,Africa,2007,lifeExp,48.159
Somalia,Africa,2007,pop,9118773.0
South Africa,Africa,1952,gdpPercap,4725.295531
South Africa,Africa,1952,lifeExp,45.009
South Africa,Africa,1952,pop,14264935.0
South Africa,Africa,1957,gdpPercap,5487.104219
South Africa,Africa,1957,lifeExp,47.985
South Africa,Africa,1957,pop,16151549.0
South Africa,Africa,1962,gdpPercap,5768.729717
South Africa,Africa,1962,lifeExp,49.951
South Africa,Africa,1962,pop,18356657.0
South Africa,Africa,1967,gdpPercap,7114.477971
South Africa,Africa,1967,lifeExp,51.927
South Africa,Africa,1967,pop,20997321.0
South Africa,Africa,1972,gdpPercap,7765.962636
South Africa,Africa,1972,lifeExp,53.696
South Africa,Africa,1972,pop,23935810.0
South Africa,Africa,1977,gdpPercap,8028.651439
South Africa,Africa,1977,lifeExp,55.527
South Africa,Africa,1977,pop,27129932.0
South Africa,Africa,1982,gdpPercap,8568.266228
South Africa,Africa,1982,lifeExp,58.161
South Africa,Africa,1982,pop,31140029.0
South Africa,Africa,1987,gdpPercap,7825.823398
South Africa,Africa,1987,lifeExp,60.834
South Africa,Africa,1987,pop,35933379.0
South Africa,Africa,1992,gdpPercap,7225.069258
South Africa,Africa,1992,lifeExp,61.888
South Africa,Africa,1992,pop,39964159.0
South Africa,Africa,1997,gdpPercap,7479.188244
South Africa,Africa,1997,lifeExp,60.236
South Africa,Africa,1997,pop,42835005.0
South Africa,Africa,2002,gdpPercap,7710.946444
South Africa,Africa,2002,lifeExp,53.365
South Africa,Africa,2002,pop,44433622.0
South Africa,Africa,2007,gdpPercap,9269.657808
South Africa,Africa,2007,lifeExp,49.339
South Africa,Africa,2007,pop,43997828.0
Sudan,Africa,1952,gdpPercap,1615.991129
Sudan,Africa,1952,lifeExp,38.635
Sudan,Africa,1952,pop,8504667.0
Sudan,Africa,1957,gdpPercap,1770.337074
Sudan,Africa,1957,lifeExp,39.624
Sudan,Africa,1957,pop,9753392.0
Sudan,Africa,1962,gdpPercap,1959.593767
Sudan,Africa,1962,lifeExp,40.87
Sudan,Africa,1962,pop,11183227.0
Sudan,Africa,1967,gdpPercap,1687.997641
Sudan,Africa,1967,lifeExp,42.858
Sudan,Africa,1967,pop,12716129.0
Sudan,Africa,1972,gdpPercap,1659.652775
Sudan,Africa,1972,lifeExp,45.083
Sudan,Africa,1972,pop,14597019.0
Sudan,Africa,1977,gdpPercap,2202.988423
Sudan,Africa,1977,lifeExp,47.8
Sudan,Africa,1977,pop,17104986.0
Sudan,Africa,1982,gdpPercap,1895.544073
Sudan,Africa,1982,lifeExp,50.338
Sudan,Africa,1982,pop,20367053.0
Sudan,Africa,1987,gdpPercap,1507.819159
Sudan,Africa,1987,lifeExp,51.744
Sudan,Africa,1987,pop,24725960.0
Sudan,Africa,1992,gdpPercap,1492.197043
Sudan,Africa,1992,lifeExp,53.556
Sudan,Africa,1992,pop,28227588.0
Sudan,Africa,1997,gdpPercap,1632.210764
Sudan,Africa,1997,lifeExp,55.373
Sudan,Africa,1997,pop,32160729.0
Sudan,Africa,2002,gdpPercap,1993.398314
Sudan,Africa,2002,lifeExp,56.369
Sudan,Africa,2002,pop,37090298.0
Sudan,Africa,2007,gdpPercap,2602.394995
Sudan,Africa,2007,lifeExp,58.556
Sudan,Africa,2007,pop,42292929.0
Swaziland,Africa,1952,gdpPercap,1148.376626
Swaziland,Africa,1952,lifeExp,41.407
Swaziland,Africa,1952,pop,290243.0
Swaziland,Africa,1957,gdpPercap,1244.708364
Swaziland,Africa,1957,lifeExp,43.424
Swaziland,Africa,1957,pop,326741.0
Swaziland,Africa,1962,gdpPercap,1856.182125
Swaziland,Africa,1962,lifeExp,44.992
Swaziland,Africa,1962,pop,370006.0
Swaziland,Africa,1967,gdpPercap,2613.101665
Swaziland,Africa,1967,lifeExp,46.633
Swaziland,Africa,1967,pop,420690.0
Swaziland,Africa,1972,gdpPercap,3364.836625
Swaziland,Africa,1972,lifeExp,49.552
Swaziland,Africa,1972,pop,480105.0
Swaziland,Africa,1977,gdpPercap,3781.410618
Swaziland,Africa,1977,lifeExp,52.537
Swaziland,Africa,1977,pop,551425.0
Swaziland,Africa,1982,gdpPercap,3895.384018
Swaziland,Africa,1982,lifeExp,55.561
Swaziland,Africa,1982,pop,649901.0
Swaziland,Africa,1987,gdpPercap,3984.839812
Swaziland,Africa,1987,lifeExp,57.678
Swaziland,Africa,1987,pop,779348.0
Swaziland,Africa,1992,gdpPercap,3553.0224
Swaziland,Africa,1992,lifeExp,58.474
Swaziland,Africa,1992,pop,962344.0
Swaziland,Africa,1997,gdpPercap,3876.76846
Swaziland,Africa,1997,lifeExp,54.289
Swaziland,Africa,1997,pop,1054486.0
Swaziland,Africa,2002,gdpPercap,4128.116943
Swaziland,Africa,2002,lifeExp,43.869
Swaziland,Africa,2002,pop,1130269.0
Swaziland,Africa,2007,gdpPercap,4513.480643
Swaziland,Africa,2007,lifeExp,39.613
Swaziland,Africa,2007,pop,1133066.0
Tanzania,Africa,1952,gdpPercap,716.6500721
Tanzania,Africa,1952,lifeExp,41.215
Tanzania,Africa,1952,pop,8322925.0
Tanzania,Africa,1957,gdpPercap,698.5356073
Tanzania,Africa,1957,lifeExp,42.974
Tanzania,Africa,1957,pop,9452826.0
Tanzania,Africa,1962,gdpPercap,722.0038073
Tanzania,Africa,1962,lifeExp,44.246
Tanzania,Africa,1962,pop,10863958.0
Tanzania,Africa,1967,gdpPercap,848.2186575
Tanzania,Africa,1967,lifeExp,45.757
Tanzania,Africa,1967,pop,12607312.0
Tanzania,Africa,1972,gdpPercap,915.9850592
Tanzania,Africa,1972,lifeExp,47.62
Tanzania,Africa,1972,pop,14706593.0
Tanzania,Africa,1977,gdpPercap,962.4922932
Tanzania,Africa,1977,lifeExp,49.919
Tanzania,Africa,1977,pop,17129565.0
Tanzania,Africa,1982,gdpPercap,874.2426069
Tanzania,Africa,1982,lifeExp,50.608
Tanzania,Africa,1982,pop,19844382.0
Tanzania,Africa,1987,gdpPercap,831.8220794
Tanzania,Africa,1987,lifeExp,51.535
Tanzania,Africa,1987,pop,23040630.0
Tanzania,Africa,1992,gdpPercap,825.682454
Tanzania,Africa,1992,lifeExp,50.44
Tanzania,Africa,1992,pop,26605473.0
Tanzania,Africa,1997,gdpPercap,789.1862231
Tanzania,Africa,1997,lifeExp,48.466
Tanzania,Africa,1997,pop,30686889.0
Tanzania,Africa,2002,gdpPercap,899.0742111
Tanzania,Africa,2002,lifeExp,49.651
Tanzania,Africa,2002,pop,34593779.0
Tanzania,Africa,2007,gdpPercap,1107.482182
Tanzania,Africa,2007,lifeExp,52.517
Tanzania,Africa,2007,pop,38139640.0
Togo,Africa,1952,gdpPercap,859.8086567
Togo,Africa,1952,lifeExp,38.596
Togo,Africa,1952,pop,1219113.0
Togo,Africa,1957,gdpPercap,925.9083202
Togo,Africa,1957,lifeExp,41.208
Togo,Africa,1957,pop,1357445.0
Togo,Africa,1962,gdpPercap,1067.53481
Togo,Africa,1962,lifeExp,43.922
Togo,Africa,1962,pop,1528098.0
Togo,Africa,1967,gdpPercap,1477.59676
Togo,Africa,1967,lifeExp,46.769
Togo,Africa,1967,pop,1735550.0
Togo,Africa,1972,gdpPercap,1649.660188
Togo,Africa,1972,lifeExp,49.759
Togo,Africa,1972,pop,2056351.0
Togo,Africa,1977,gdpPercap,1532.776998
Togo,Africa,1977,lifeExp,52.887
Togo,Africa,1977,pop,2308582.0
Togo,Africa,1982,gdpPercap,1344.577953
Togo,Africa,1982,lifeExp,55.471
Togo,Africa,1982,pop,2644765.0
Togo,Africa,1987,gdpPercap,1202.201361
Togo,Africa,1987,lifeExp,56.941
Togo,Africa,1987,pop,3154264.0
Togo,Africa,1992,gdpPercap,1034.298904
Togo,Africa,1992,lifeExp,58.061
Togo,Africa,1992,pop,3747553.0
Togo,Africa,1997,gdpPercap,982.2869243
Togo,Africa,1997,lifeExp,58.39
Togo,Africa,1997,pop,4320890.0
Togo,Africa,2002,gdpPercap,886.2205765
Togo,Africa,2002,lifeExp,57.561
Togo,Africa,2002,pop,4977378.0
Togo,Africa,2007,gdpPercap,882.9699438
Togo,Africa,2007,lifeExp,58.42
Togo,Africa,2007,pop,5701579.0
Tunisia,Africa,1952,gdpPercap,1468.475631
Tunisia,Africa,1952,lifeExp,44.6
Tunisia,Africa,1952,pop,3647735.0
Tunisia,Africa,1957,gdpPercap,1395.232468
Tunisia,Africa,1957,lifeExp,47.1
Tunisia,Africa,1957,pop,3950849.0
Tunisia,Africa,1962,gdpPercap,1660.30321
Tunisia,Africa,1962,lifeExp,49.579
Tunisia,Africa,1962,pop,4286552.0
Tunisia,Africa,1967,gdpPercap,1932.360167
Tunisia,Africa,1967,lifeExp,52.053
Tunisia,Africa,1967,pop,4786986.0
Tunisia,Africa,1972,gdpPercap,2753.285994
Tunisia,Africa,1972,lifeExp,55.602
Tunisia,Africa,1972,pop,5303507.0
Tunisia,Africa,1977,gdpPercap,3120.876811
Tunisia,Africa,1977,lifeExp,59.837
Tunisia,Africa,1977,pop,6005061.0
Tunisia,Africa,1982,gdpPercap,3560.233174
Tunisia,Africa,1982,lifeExp,64.048
Tunisia,Africa,1982,pop,6734098.0
Tunisia,Africa,1987,gdpPercap,3810.419296
Tunisia,Africa,1987,lifeExp,66.894
Tunisia,Africa,1987,pop,7724976.0
Tunisia,Africa,1992,gdpPercap,4332.720164
Tunisia,Africa,1992,lifeExp,70.001
Tunisia,Africa,1992,pop,8523077.0
Tunisia,Africa,1997,gdpPercap,4876.798614
Tunisia,Africa,1997,lifeExp,71.973
Tunisia,Africa,1997,pop,9231669.0
Tunisia,Africa,2002,gdpPercap,5722.895655
Tunisia,Africa,2002,lifeExp,73.042
Tunisia,Africa,2002,pop,9770575.0
Tunisia,Africa,2007,gdpPercap,7092.923025
Tunisia,Africa,2007,lifeExp,73.923
Tunisia,Africa,2007,pop,10276158.0
Uganda,Africa,1952,gdpPercap,734.753484
Uganda,Africa,1952,lifeExp,39.978
Uganda,Africa,1952,pop,5824797.0
Uganda,Africa,1957,gdpPercap,774.3710692
Uganda,Africa,1957,lifeExp,42.571
Uganda,Africa,1957,pop,6675501.0
Uganda,Africa,1962,gdpPercap,767.2717398
Uganda,Africa,1962,lifeExp,45.344
Uganda,Africa,1962,pop,7688797.0
Uganda,Africa,1967,gdpPercap,908.9185217
Uganda,Africa,1967,lifeExp,48.051
Uganda,Africa,1967,pop,8900294.0
Uganda,Africa,1972,gdpPercap,950.735869
Uganda,Africa,1972,lifeExp,51.016
Uganda,Africa,1972,pop,10190285.0
Uganda,Africa,1977,gdpPercap,843.7331372
Uganda,Africa,1977,lifeExp,50.35
Uganda,Africa,1977,pop,11457758.0
Uganda,Africa,1982,gdpPercap,682.2662268
Uganda,Africa,1982,lifeExp,49.849
Uganda,Africa,1982,pop,12939400.0
Uganda,Africa,1987,gdpPercap,617.7244065
Uganda,Africa,1987,lifeExp,51.509
Uganda,Africa,1987,pop,15283050.0
Uganda,Africa,1992,gdpPercap,644.1707969
Uganda,Africa,1992,lifeExp,48.825
Uganda,Africa,1992,pop,18252190.0
Uganda,Africa,1997,gdpPercap,816.559081
Uganda,Africa,1997,lifeExp,44.578
Uganda,Africa,1997,pop,21210254.0
Uganda,Africa,2002,gdpPercap,927.7210018
Uganda,Africa,2002,lifeExp,47.813
Uganda,Africa,2002,pop,24739869.0
Uganda,Africa,2007,gdpPercap,1056.380121
Uganda,Africa,2007,lifeExp,51.542
Uganda,Africa,2007,pop,29170398.0
Zambia,Africa,1952,gdpPercap,1147.388831
Zambia,Africa,1952,lifeExp,42.038
Zambia,Africa,1952,pop,2672000.0
Zambia,Africa,1957,gdpPercap,1311.956766
Zambia,Africa,1957,lifeExp,44.077
Zambia,Africa,1957,pop,3016000.0
Zambia,Africa,1962,gdpPercap,1452.725766
Zambia,Africa,1962,lifeExp,46.023
Zambia,Africa,1962,pop,3421000.0
Zambia,Africa,1967,gdpPercap,1777.077318
Zambia,Africa,1967,lifeExp,47.768
Zambia,Africa,1967,pop,3900000.0
Zambia,Africa,1972,gdpPercap,1773.498265
Zambia,Africa,1972,lifeExp,50.107
Zambia,Africa,1972,pop,4506497.0
Zambia,Africa,1977,gdpPercap,1588.688299
Zambia,Africa,1977,lifeExp,51.386
Zambia,Africa,1977,pop,5216550.0
Zambia,Africa,1982,gdpPercap,1408.678565
Zambia,Africa,1982,lifeExp,51.821
Zambia,Africa,1982,pop,6100407.0
Zambia,Africa,1987,gdpPercap,1213.315116
Zambia,Africa,1987,lifeExp,50.821
Zambia,Africa,1987,pop,7272406.0
Zambia,Africa,1992,gdpPercap,1210.884633
Zambia,Africa,1992,lifeExp,46.1
Zambia,Africa,1992,pop,8381163.0
Zambia,Africa,1997,gdpPercap,1071.353818
Zambia,Africa,1997,lifeExp,40.238
Zambia,Africa,1997,pop,9417789.0
Zambia,Africa,2002,gdpPercap,1071.613938
Zambia,Africa,2002,lifeExp,39.193
Zambia,Africa,2002,pop,10595811.0
Zambia,Africa,2007,gdpPercap,1271.211593
Zambia,Africa,2007,lifeExp,42.384
Zambia,Africa,2007,pop,11746035.0
Zimbabwe,Africa,1952,gdpPercap,406.8841148
Zimbabwe,Africa,1952,lifeExp,48.451
Zimbabwe,Africa,1952,pop,3080907.0
Zimbabwe,Africa,1957,gdpPercap,518.7642681
Zimbabwe,Africa,1957,lifeExp,50.469
Zimbabwe,Africa,1957,pop,3646340.0
Zimbabwe,Africa,1962,gdpPercap,527.2721818
Zimbabwe,Africa,1962,lifeExp,52.358
Zimbabwe,Africa,1962,pop,4277736.0
Zimbabwe,Africa,1967,gdpPercap,569.7950712
Zimbabwe,Africa,1967,lifeExp,53.995
Zimbabwe,Africa,1967,pop,4995432.0
Zimbabwe,Africa,1972,gdpPercap,799.3621758
Zimbabwe,Africa,1972,lifeExp,55.635
Zimbabwe,Africa,1972,pop,5861135.0
Zimbabwe,Africa,1977,gdpPercap,685.5876821
Zimbabwe,Africa,1977,lifeExp,57.674
Zimbabwe,Africa,1977,pop,6642107.0
Zimbabwe,Africa,1982,gdpPercap,788.8550411
Zimbabwe,Africa,1982,lifeExp,60.363
Zimbabwe,Africa,1982,pop,7636524.0
Zimbabwe,Africa,1987,gdpPercap,706.1573059
Zimbabwe,Africa,1987,lifeExp,62.351
Zimbabwe,Africa,1987,pop,9216418.0
Zimbabwe,Africa,1992,gdpPercap,693.4207856
Zimbabwe,Africa,1992,lifeExp,60.377
Zimbabwe,Africa,1992,pop,10704340.0
Zimbabwe,Africa,1997,gdpPercap,792.4499603
Zimbabwe,Africa,1997,lifeExp,46.809
Zimbabwe,Africa,1997,pop,11404948.0
Zimbabwe,Africa,2002,gdpPercap,672.0386227
Zimbabwe,Africa,2002,lifeExp,39.989
Zimbabwe,Africa,2002,pop,11926563.0
Zimbabwe,Africa,2007,gdpPercap,469.7092981
Zimbabwe,Africa,2007,lifeExp,43.487
Zimbabwe,Africa,2007,pop,12311143.0
