country,continent,year,metric,value
Afghanistan,Asia,1952,gdpPercap,779.4453145
Afghanistan,Asia,1952,lifeExp,28.801
Afghanistan,Asia,1952,pop,8425333.0
Afghanistan,Asia,1957,gdpPercap,820.8530296
Afghanistan,Asia,1957,lifeExp,30.332
Afghanistan,Asia,1957,pop,9240934.0
Afghanistan,Asia,1962,gdpPercap,853.10071
Afghanistan,Asia,1962,lifeExp,31.997
Afghanistan,Asia,1962,pop,10267083.0
Afghanistan,Asia,1967,gdpPercap,836.1971382
Afghanistan,Asia,1967,lifeExp,34.02
Afghanistan,Asia,1967,pop,11537966.0
Afghanistan,Asia,1972,gdpPercap,739.9811058
Afghanistan,Asia,1972,lifeExp,36.088
Afghanistan,Asia,1972,pop,13079460.0
Afghanistan,Asia,1977,gdpPercap,786.11336
Afghanistan,Asia,1977,lifeExp,38.438
Afghanistan,Asia,1977,pop,14880372.0
Afghanistan,Asia,1982,gdpPercap,978.0114388
Afghanistan,Asia,1982,lifeExp,39.854
Afghanistan,Asia,1982,pop,12881816.0
Afghanistan,Asia,1987,gdpPercap,852.3959448
Afghanistan,Asia,1987,lifeExp,40.822
Afghanistan,Asia,1987,pop,13867957.0
Afghanistan,Asia,1992,gdpPercap,649.3413952
Afghanistan,Asia,1992,lifeExp,41.674
Afghanistan,Asia,1992,pop,16317921.0
Afghanistan,Asia,1997,gdpPercap,635.341351
Afghanistan,Asia,1997,lifeExp,41.763
Afghanistan,Asia,1997,pop,22227415.0
Afghanistan,Asia,2002,gdpPercap,726.7340548
Afghanistan,Asia,2002,lifeExp,42.129
Afghanistan,Asia,2002,pop,25268405.0
Afghanistan,Asia,2007,gdpPercap,974.5803384
Afghanistan,Asia,2007,lifeExp,43.828
Afghanistan,Asia,2007,pop,31889923.0
Bahrain,Asia,1952,gdpPercap,9867.084765
Bahrain,Asia,1952,lifeExp,50.939
Bahrain,Asia,1952,pop,120447.0
Bahrain,Asia,1957,gdpPercap,11635.79945
Bahrain,Asia,1957,lifeExp,53.832
Bahrain,Asia,1957,pop,138655.0
Bahrain,Asia,1962,gdpPercap,12753.27514
Bahrain,Asia,1962,lifeExp,56.923
Bahrain,Asia,1962,pop,171863.0
Bahrain,Asia,1967,gdpPercap,14804.6727
Bahrain,Asia,1967,lifeExp,59.923
Bahrain,Asia,1967,pop,202182.0
Bahrain,Asia,1972,gdpPercap,18268.65839
Bahrain,Asia,1972,lifeExp,63.3
Bahrain,Asia,1972,pop,230800.0
Bahrain,Asia,1977,gdpPercap,19340.10196
Bahrain,Asia,1977,lifeExp,65.593
Bahrain,Asia,1977,pop,297410.0
Bahrain,Asia,1982,gdpPercap,19211.14731
Bahrain,Asia,1982,lifeExp,69.052
Bahrain,Asia,1982,pop,377967.0
Bahrain,Asia,1987,gdpPercap,18524.02406
Bahrain,Asia,1987,lifeExp,70.75
Bahrain,Asia,1987,pop,454612.0
Bahrain,Asia,1992,gdpPercap,19035.57917
Bahrain,Asia,1992,lifeExp,72.601
Bahrain,Asia,1992,pop,529491.0
Bahrain,Asia,1997,gdpPercap,20292.01679
Bahrain,Asia,1997,lifeExp,73.925
Bahrain,Asia,1997,pop,598561.0
Bahrain,Asia,2002,gdpPercap,23403.55927
Bahrain,Asia,2002,lifeExp,74.795
Bahrain,Asia,2002,pop,656397.0
Bahrain,Asia,2007,gdpPercap,29796.04834
Bahrain,Asia,2007,lifeExp,75.635
Bahrain,Asia,2007,pop,708573.0
Bangladesh,Asia,1952,gdpPercap,684.2441716
Bangladesh,Asia,1952,lifeExp,37.484
Bangladesh,Asia,1952,pop,46886859.0
Bangladesh,Asia,1957,gdpPercap,661.6374577
Bangladesh,Asia,1957,lifeExp,39.348
Bangladesh,Asia,1957,pop,51365468.0
Bangladesh,Asia,1962,gdpPercap,686.3415538
Bangladesh,Asia,1962,lifeExp,41.216
Bangladesh,Asia,1962,pop,56839289.0
Bangladesh,Asia,1967,gdpPercap,721.1860862
Bangladesh,Asia,1967,lifeExp,43.453
Bangladesh,Asia,1967,pop,62821884.0
Bangladesh,Asia,1972,gdpPercap,630.2336265
Bangladesh,Asia,1972,lifeExp,45.252
Bangladesh,Asia,1972,pop,70759295.0
Bangladesh,Asia,1977,gdpPercap,659.8772322
Bangladesh,Asia,1977,lifeExp,46.923
Bangladesh,Asia,1977,pop,80428306.0
Bangladesh,Asia,1982,gdpPercap,676.9818656
Bangladesh,Asia,1982,lifeExp,50.009
Bangladesh,Asia,1982,pop,93074406.0
Bangladesh,Asia,1987,gdpPercap,751.9794035
Bangladesh,Asia,1987,lifeExp,52.819
Bangladesh,Asia,1987,pop,103764241.0
Bangladesh,Asia,1992,gdpPercap,837.8101643
Bangladesh,Asia,1992,lifeExp,56.018
Bangladesh,Asia,1992,pop,113704579.0
Bangladesh,Asia,1997,gdpPercap,972.7700352
Bangladesh,Asia,1997,lifeExp,59.412
Bangladesh,Asia,1997,pop,123315288.0
Bangladesh,Asia,2002,gdpPercap,1136.39043
Bangladesh,Asia,2002,lifeExp,62.013
Bangladesh,Asia,2002,pop,135656790.0
Bangladesh,Asia,2007,gdpPercap,1391.253792
Bangladesh,Asia,2007,lifeExp,64.062
Bangladesh,Asia,2007,pop,150448339.0
Cambodia,Asia,1952,gdpPercap,368.4692856
Cambodia,Asia,1952,lifeExp,39.417
Cambodia,Asia,1952,pop,4693836.0
Cambodia,Asia,1957,gdpPercap,434.0383364
Cambodia,Asia,1957,lifeExp,41.366
Cambodia,Asia,1957,pop,5322536.0
Cambodia,Asia,1962,gdpPercap,496.9136476
Cambodia,Asia,1962,lifeExp,43.415
Cambodia,Asia,1962,pop,6083619.0
Cambodia,Asia,1967,gdpPercap,523.4323142
Cambodia,Asia,1967,lifeExp,45.415
Cambodia,Asia,1967,pop,6960067.0
Cambodia,Asia,1972,gdpPercap,421.6240257
Cambodia,Asia,1972,lifeExp,40.317
Cambodia,Asia,1972,pop,7450606.0
Cambodia,Asia,1977,gdpPercap,524.9721832
Cambodia,Asia,1977,lifeExp,31.22
Cambodia,Asia,1977,pop,6978607.0
Cambodia,Asia,1982,gdpPercap,624.4754784
Cambodia,Asia,1982,lifeExp,50.957
Cambodia,Asia,1982,pop,7272485.0
Cambodia,Asia,1987,gdpPercap,683.8955732
Cambodia,Asia,1987,lifeExp,53.914
Cambodia,Asia,1987,pop,8371791.0
Cambodia,Asia,1992,gdpPercap,682.3031755
Cambodia,Asia,1992,lifeExp,55.803
Cambodia,Asia,1992,pop,10150094.0
Cambodia,Asia,1997,gdpPercap,734.28517
Cambodia,Asia,1997,lifeExp,56.534
Cambodia,Asia,1997,pop,11782962.0
Cambodia,Asia,2002,gdpPercap,896.2260153
Cambodia,Asia,2002,lifeExp,56.752
Cambodia,Asia,2002,pop,12926707.0
Cambodia,Asia,2007,gdpPercap,1713.778686
Cambodia,Asia,2007,lifeExp,59.723
Cambodia,Asia,2007,pop,14131858.0
China,Asia,1952,gdpPercap,400.448610699994
China,Asia,1952,lifeExp,44.0
China,Asia,1952,pop,556263527.999989
China,Asia,1957,gdpPercap,575.9870009
China,Asia,1957,lifeExp,50.54896
China,Asia,1957,pop,637408000.0
China,Asia,1962,gdpPercap,487.6740183
China,Asia,1962,lifeExp,44.50136
China,Asia,1962,pop,665770000.0
China,Asia,1967,gdpPercap,612.7056934
China,Asia,1967,lifeExp,58.38112
China,Asia,1967,pop,754550000.0
China,Asia,1972,gdpPercap,676.9000921
China,Asia,1972,lifeExp,63.11888
China,Asia,1972,pop,862030000.0
China,Asia,1977,gdpPercap,741.2374699
China,Asia,1977,lifeExp,63.96736
China,Asia,1977,pop,943455000.0
China,Asia,1982,gdpPercap,962.4213805
China,Asia,1982,lifeExp,65.525
China,Asia,1982,pop,1000281000.0
China,Asia,1987,gdpPercap,1378.904018
China,Asia,1987,lifeExp,67.274
China,Asia,1987,pop,1084035000.0
China,Asia,1992,gdpPercap,1655.784158
China,Asia,1992,lifeExp,68.69
China,Asia,1992,pop,1164970000.0
China,Asia,1997,gdpPercap,2289.234136
China,Asia,1997,lifeExp,70.426
China,Asia,1997,pop,1230075000.0
China,Asia,2002,gdpPercap,3119.280896
China,Asia,2002,lifeExp,72.028
China,Asia,2002,pop,1280400000.0
China,Asia,2007,gdpPercap,4959.114854
China,Asia,2007,lifeExp,72.961
China,Asia,2007,pop,1318683096.0
Hong Kong China,Asia,1952,gdpPercap,3054.421209
Hong Kong China,Asia,1952,lifeExp,60.96
Hong Kong China,Asia,1952,pop,2125900.0
Hong Kong China,Asia,1957,gdpPercap,3629.076457
Hong Kong China,Asia,1957,lifeExp,64.75
Hong Kong China,Asia,1957,pop,2736300.0
Hong Kong China,Asia,1962,gdpPercap,4692.648272
Hong Kong China,Asia,1962,lifeExp,67.65
Hong Kong China,Asia,1962,pop,3305200.0
Hong Kong China,Asia,1967,gdpPercap,6197.962814
Hong Kong China,Asia,1967,lifeExp,70.0
Hong Kong China,Asia,1967,pop,3722800.0
Hong Kong China,Asia,1972,gdpPercap,8315.928145
Hong Kong China,Asia,1972,lifeExp,72.0
Hong Kong China,Asia,1972,pop,4115700.0
Hong Kong China,Asia,1977,gdpPercap,11186.14125
Hong Kong China,Asia,1977,lifeExp,73.6
Hong Kong China,Asia,1977,pop,4583700.0
Hong Kong China,Asia,1982,gdpPercap,14560.53051
Hong Kong China,Asia,1982,lifeExp,75.45
Hong Kong China,Asia,1982,pop,5264500.0
Hong Kong China,Asia,1987,gdpPercap,20038.47269
Hong Kong China,Asia,1987,lifeExp,76.2
Hong Kong China,Asia,1987,pop,5584510.0
Hong Kong China,Asia,1992,gdpPercap,24757.60301
Hong Kong China,Asia,1992,lifeExp,77.601
Hong Kong China,Asia,1992,pop,5829696.0
Hong Kong China,Asia,1997,gdpPercap,28377.63219
Hong Kong China,Asia,1997,lifeExp,80.0
Hong Kong China,Asia,1997,pop,6495918.0
Hong Kong China,Asia,2002,gdpPercap,30209.01516
Hong Kong China,Asia,2002,lifeExp,81.495
Hong Kong China,Asia,2002,pop,6762476.0
Hong Kong China,Asia,2007,gdpPercap,39724.97867
Hong Kong China,Asia,2007,lifeExp,82.208
Hong Kong China,Asia,2007,pop,6980412.0
India,Asia,1952,gdpPercap,546.5657493
India,Asia,1952,lifeExp,37.373
India,Asia,1952,pop,372000000.0
India,Asia,1957,gdpPercap,590.061996
India,Asia,1957,lifeExp,40.249
India,Asia,1957,pop,409000000.0
India,Asia,1962,gdpPercap,658.3471509
India,Asia,1962,lifeExp,43.605
India,Asia,1962,pop,454000000.0
India,Asia,1967,gdpPercap,700.7706107
India,Asia,1967,lifeExp,47.193
India,Asia,1967,pop,506000000.0
India,Asia,1972,gdpPercap,724.032527
India,Asia,1972,lifeExp,50.651
India,Asia,1972,pop,567000000.0
India,Asia,1977,gdpPercap,813.337323
India,Asia,1977,lifeExp,54.208
India,Asia,1977,pop,634000000.0
India,Asia,1982,gdpPercap,855.7235377
India,Asia,1982,lifeExp,56.596
India,Asia,1982,pop,708000000.0
India,Asia,1987,gdpPercap,976.5126756
India,Asia,1987,lifeExp,58.553
India,Asia,1987,pop,788000000.0
India,Asia,1992,gdpPercap,1164.406809
India,Asia,1992,lifeExp,60.223
India,Asia,1992,pop,872000000.0
India,Asia,1997,gdpPercap,1458.817442
India,Asia,1997,lifeExp,61.765
India,Asia,1997,pop,959000000.0
India,Asia,2002,gdpPercap,1746.769454
India,Asia,2002,lifeExp,62.879
India,Asia,2002,pop,1034172547.0
India,Asia,2007,gdpPercap,2452.210407
India,Asia,2007,lifeExp,64.698
India,Asia,2007,pop,1110396331.0
Indonesia,Asia,1952,gdpPercap,749.6816546
Indonesia,Asia,1952,lifeExp,37.468
Indonesia,Asia,1952,pop,82052000.0
Indonesia,Asia,1957,gdpPercap,858.9002707
Indonesia,Asia,1957,lifeExp,39.918
Indonesia,Asia,1957,pop,90124000.0
Indonesia,Asia,1962,gdpPercap,849.2897701
Indonesia,Asia,1962,lifeExp,42.518
Indonesia,Asia,1962,pop,99028000.0
Indonesia,Asia,1967,gdpPercap,762.4317721
Indonesia,Asia,1967,lifeExp,45.964
Indonesia,Asia,1967,pop,109343000.0
Indonesia,Asia,1972,gdpPercap,1111.107907
Indonesia,Asia,1972,lifeExp,49.203
Indonesia,Asia,1972,pop,121282000.0
Indonesia,Asia,1977,gdpPercap,1382.702056
Indonesia,Asia,1977,lifeExp,52.702
Indonesia,Asia,1977,pop,136725000.0
Indonesia,Asia,1982,gdpPercap,1516.872988
Indonesia,Asia,1982,lifeExp,56.159
Indonesia,Asia,1982,pop,153343000.0
Indonesia,Asia,1987,gdpPercap,1748.356961
Indonesia,Asia,1987,lifeExp,60.137
Indonesia,Asia,1987,pop,169276000.0
Indonesia,Asia,1992,gdpPercap,2383.140898
Indonesia,Asia,1992,lifeExp,62.681
Indonesia,Asia,1992,pop,184816000.0
Indonesia,Asia,1997,gdpPercap,3119.335603
Indonesia,Asia,1997,lifeExp,66.041
Indonesia,Asia,1997,pop,199278000.0
Indonesia,Asia,2002,gdpPercap,2873.91287
Indonesia,Asia,2002,lifeExp,68.588
Indonesia,Asia,2002,pop,211060000.0
Indonesia,Asia,2007,gdpPercap,3540.651564
Indonesia,Asia,2007,lifeExp,70.65
Indonesia,Asia,2007,pop,223547000.0
Iran,Asia,1952,gdpPercap,3035.326002
Iran,Asia,1952,lifeExp,44.869
Iran,Asia,1952,pop,17272000.0
Iran,Asia,1957,gdpPercap,3290.257643
Iran,Asia,1957,lifeExp,47.181
Iran,Asia,1957,pop,19792000.0
Iran,Asia,1962,gdpPercap,4187.329802
Iran,Asia,1962,lifeExp,49.325
Iran,Asia,1962,pop,22874000.0
Iran,Asia,1967,gdpPercap,5906.731805
Iran,Asia,1967,lifeExp,52.469
Iran,Asia,1967,pop,26538000.0
Iran,Asia,1972,gdpPercap,9613.818607
Iran,Asia,1972,lifeExp,55.234
Iran,Asia,1972,pop,30614000.0
Iran,Asia,1977,gdpPercap,11888.59508
Iran,Asia,1977,lifeExp,57.702
Iran,Asia,1977,pop,35480679.0
Iran,Asia,1982,gdpPercap,7608.334602
Iran,Asia,1982,lifeExp,59.62
Iran,Asia,1982,pop,43072751.0
Iran,Asia,1987,gdpPercap,6642.881371
Iran,Asia,1987,lifeExp,63.04
Iran,Asia,1987,pop,51889696.0
Iran,Asia,1992,gdpPercap,7235.653188
Iran,Asia,1992,lifeExp,65.742
Iran,Asia,1992,pop,60397973.0
Iran,Asia,1997,gdpPercap,8263.590301
Iran,Asia,1997,lifeExp,68.042
Iran,Asia,1997,pop,63327987.0
Iran,Asia,2002,gdpPercap,9240.761975
Iran,Asia,2002,lifeExp,69.451
Iran,Asia,2002,pop,66907826.0
Iran,Asia,2007,gdpPercap,11605.71449
Iran,Asia,2007,lifeExp,70.964
Iran,Asia,2007,pop,69453570.0
Iraq,Asia,1952,gdpPercap,4129.766056
Iraq,Asia,1952,lifeExp,45.32
Iraq,Asia,1952,pop,5441766.0
Iraq,Asia,1957,gdpPercap,6229.333562
Iraq,Asia,1957,lifeExp,48.437
Iraq,Asia,1957,pop,6248643.0
Iraq,Asia,1962,gdpPercap,8341.737815
Iraq,Asia,1962,lifeExp,51.457
Iraq,Asia,1962,pop,7240260.0
Iraq,Asia,1967,gdpPercap,8931.459811
Iraq,Asia,1967,lifeExp,54.459
Iraq,Asia,1967,pop,8519282.0
Iraq,Asia,1972,gdpPercap,9576.037596
Iraq,Asia,1972,lifeExp,56.95
Iraq,Asia,1972,pop,10061506.0
Iraq,Asia,1977,gdpPercap,14688.23507
Iraq,Asia,1977,lifeExp,60.413
Iraq,Asia,1977,pop,11882916.0
Iraq,Asia,1982,gdpPercap,14517.90711
Iraq,Asia,1982,lifeExp,62.038
Iraq,Asia,1982,pop,14173318.0
Iraq,Asia,1987,gdpPercap,11643.57268
Iraq,Asia,1987,lifeExp,65.044
Iraq,Asia,1987,pop,16543189.0
Iraq,Asia,1992,gdpPercap,3745.640687
Iraq,Asia,1992,lifeExp,59.461
Iraq,Asia,1992,pop,17861905.0
Iraq,Asia,1997,gdpPercap,3076.239795
Iraq,Asia,1997,lifeExp,58.811
Iraq,Asia,1997,pop,20775703.0
Iraq,Asia,2002,gdpPercap,4390.717312
Iraq,Asia,2002,lifeExp,57.046
Iraq,Asia,2002,pop,24001816.0
Iraq,Asia,2007,gdpPercap,4471.061906
Iraq,Asia,2007,lifeExp,59.545
Iraq,Asia,2007,pop,27499638.0
Israel,Asia,1952,gdpPercap,4086.522128
Israel,Asia,1952,lifeExp,65.39
Israel,Asia,1952,pop,1620914.0
Israel,Asia,1957,gdpPercap,5385.278451
Israel,Asia,1957,lifeExp,67.84
Israel,Asia,1957,pop,1944401.0
Israel,Asia,1962,gdpPercap,7105.630706
Israel,Asia,1962,lifeExp,69.39
Israel,Asia,1962,pop,2310904.0
Israel,Asia,1967,gdpPercap,8393.741404
Israel,Asia,1967,lifeExp,70.75
Israel,Asia,1967,pop,2693585.0
Israel,Asia,1972,gdpPercap,12786.93223
Israel,Asia,1972,lifeExp,71.63
Israel,Asia,1972,pop,3095893.0
Israel,Asia,1977,gdpPercap,13306.61921
Israel,Asia,1977,lifeExp,73.06
Israel,Asia,1977,pop,3495918.0
Israel,Asia,1982,gdpPercap,15367.0292
Israel,Asia,1982,lifeExp,74.45
Israel,Asia,1982,pop,3858421.0
Israel,Asia,1987,gdpPercap,17122.47986
Israel,Asia,1987,lifeExp,75.6
Israel,Asia,1987,pop,4203148.0
Israel,Asia,1992,gdpPercap,18051.52254
Israel,Asia,1992,lifeExp,76.93
Israel,Asia,1992,pop,4936550.0
Israel,Asia,1997,gdpPercap,20896.60924
Israel,Asia,1997,lifeExp,78.269
Israel,Asia,1997,pop,5531387.0
Israel,Asia,2002,gdpPercap,21905.59514
Israel,Asia,2002,lifeExp,79.696
Israel,Asia,2002,pop,6029529.0
Israel,Asia,2007,gdpPercap,25523.2771
Israel,Asia,2007,lifeExp,80.745
Israel,Asia,2007,pop,6426679.0
Japan,Asia,1952,gdpPercap,3216.956347
Japan,Asia,1952,lifeExp,63.03
Japan,Asia,1952,pop,86459025.0
Japan,Asia,1957,gdpPercap,4317.694365
Japan,Asia,1957,lifeExp,65.5
Japan,Asia,1957,pop,91563009.0
Japan,Asia,1962,gdpPercap,6576.649461
Japan,Asia,1962,lifeExp,68.73
Japan,Asia,1962,pop,95831757.0
Japan,Asia,1967,gdpPercap,9847.788607
Japan,Asia,1967,lifeExp,71.43
Japan,Asia,1967,pop,100825279.0
Japan,Asia,1972,gdpPercap,14778.78636
Japan,Asia,1972,lifeExp,73.42
Japan,Asia,1972,pop,107188273.0
Japan,Asia,1977,gdpPercap,16610.37701
Japan,Asia,1977,lifeExp,75.38
Japan,Asia,1977,pop,113872473.0
Japan,Asia,1982,gdpPercap,19384.10571
Japan,Asia,1982,lifeExp,77.11
Japan,Asia,1982,pop,118454974.0
Japan,Asia,1987,gdpPercap,22375.94189
Japan,Asia,1987,lifeExp,78.67
Japan,Asia,1987,pop,122091325.0
Japan,Asia,1992,gdpPercap,26824.89511
Japan,Asia,1992,lifeExp,79.36
Japan,Asia,1992,pop,124329269.0
Japan,Asia,1997,gdpPercap,28816.58499
Japan,Asia,1997,lifeExp,80.69
Japan,Asia,1997,pop,125956499.0
Japan,Asia,2002,gdpPercap,28604.5919
Japan,Asia,2002,lifeExp,82.0
Japan,Asia,2002,pop,127065841.0
Japan,Asia,2007,gdpPercap,31656.06806
Japan,Asia,2007,lifeExp,82.603
Japan,Asia,2007,pop,127467972.0
Jordan,Asia,1952,gdpPercap,1546.907807
Jordan,Asia,1952,lifeExp,43.158
Jordan,Asia,1952,pop,607914.0
Jordan,Asia,1957,gdpPercap,1886.080591
Jordan,Asia,1957,lifeExp,45.669
Jordan,Asia,1957,pop,746559.0
Jordan,Asia,1962,gdpPercap,2348.009158
Jordan,Asia,1962,lifeExp,48.126
Jordan,Asia,1962,pop,933559.0
Jordan,Asia,1967,gdpPercap,2741.796252
Jordan,Asia,1967,lifeExp,51.629
Jordan,Asia,1967,pop,1255058.0
Jordan,Asia,1972,gdpPercap,2110.856309
Jordan,Asia,1972,lifeExp,56.528
Jordan,Asia,1972,pop,1613551.0
Jordan,Asia,1977,gdpPercap,2852.351568
Jordan,Asia,1977,lifeExp,61.134
Jordan,Asia,1977,pop,1937652.0
Jordan,Asia,1982,gdpPercap,4161.415959
Jordan,Asia,1982,lifeExp,63.739
Jordan,Asia,1982,pop,2347031.0
Jordan,Asia,1987,gdpPercap,4448.679912
Jordan,Asia,1987,lifeExp,65.869
Jordan,Asia,1987,pop,2820042.0
Jordan,Asia,1992,gdpPercap,3431.593647
Jordan,Asia,1992,lifeExp,68.015
Jordan,Asia,1992,pop,3867409.0
Jordan,Asia,1997,gdpPercap,3645.379572
Jordan,Asia,1997,lifeExp,69.772
Jordan,Asia,1997,pop,4526235.0
Jordan,Asia,2002,gdpPercap,3844.917194
Jordan,Asia,2002,lifeExp,71.263
Jordan,Asia,2002,pop,5307470.0
Jordan,Asia,2007,gdpPercap,4519.461171
Jordan,Asia,2007,lifeExp,72.535
Jordan,Asia,2007,pop,6053193.0
Korea Dem. Rep.,Asia,1952,gdpPercap,1088.277758
Korea Dem. Rep.,Asia,1952,lifeExp,50.056
Korea Dem. Rep.,Asia,1952,pop,8865488.0
Korea Dem. Rep.,Asia,1957,gdpPercap,1571.134655
Korea Dem. Rep.,Asia,1957,lifeExp,54.081
Korea Dem. Rep.,Asia,1957,pop,9411381.0
Korea Dem. Rep.,Asia,1962,gdpPercap,1621.693598
Korea Dem. Rep.,Asia,1962,lifeExp,56.656
Korea Dem. Rep.,Asia,1962,pop,10917494.0
Korea Dem. Rep.,Asia,1967,gdpPercap,2143.540609
Korea Dem. Rep.,Asia,1967,lifeExp,59.942
Korea Dem. Rep.,Asia,1967,pop,12617009.0
Korea Dem. Rep.,Asia,1972,gdpPercap,3701.621503
Korea Dem. Rep.,Asia,1972,lifeExp,63.983
Korea Dem. Rep.,Asia,1972,pop,14781241.0
Korea Dem. Rep.,Asia,1977,gdpPercap,4106.301249
Korea Dem. Rep.,Asia,1977,lifeExp,67.159
Korea Dem. Rep.,Asia,1977,pop,16325320.0
Korea Dem. Rep.,Asia,1982,gdpPercap,4106.525293
Korea Dem. Rep.,Asia,1982,lifeExp,69.1
Korea Dem. Rep.,Asia,1982,pop,17647518.0
Korea Dem. Rep.,Asia,1987,gdpPercap,4106.492315
Korea Dem. Rep.,Asia,1987,lifeExp,70.647
Korea Dem. Rep.,Asia,1987,pop,19067554.0
Korea Dem. Rep.,Asia,1992,gdpPercap,3726.063507
Korea Dem. Rep.,Asia,1992,lifeExp,69.978
Korea Dem. Rep.,Asia,1992,pop,20711375.0
Korea Dem. Rep.,Asia,1997,gdpPercap,1690.756814
Korea Dem. Rep.,Asia,1997,lifeExp,67.727
Korea Dem. Rep.,Asia,1997,pop,21585105.0
Korea Dem. Rep.,Asia,2002,gdpPercap,1646.758151
Korea Dem. Rep.,Asia,2002,lifeExp,66.662
Korea Dem. Rep.,Asia,2002,pop,22215365.0
Korea Dem. Rep.,Asia,2007,gdpPercap,1593.06548
Korea Dem. Rep.,Asia,2007,lifeExp,67.297
Korea Dem. Rep.,Asia,2007,pop,23301725.0
Korea Rep.,Asia,1952,gdpPercap,1030.592226
Korea Rep.,Asia,1952,lifeExp,47.453
Korea Rep.,Asia,1952,pop,20947571.0
Korea Rep.,Asia,1957,gdpPercap,1487.593537
Korea Rep.,Asia,1957,lifeExp,52.681
Korea Rep.,Asia,1957,pop,22611552.0
Korea Rep.,Asia,1962,gdpPercap,1536.344387
Korea Rep.,Asia,1962,lifeExp,55.292
Korea Rep.,Asia,1962,pop,26420307.0
Korea Rep.,Asia,1967,gdpPercap,2029.228142
Korea Rep.,Asia,1967,lifeExp,57.716
Korea Rep.,Asia,1967,pop,30131000.0
Korea Rep.,Asia,1972,gdpPercap,3030.87665
Korea Rep.,Asia,1972,lifeExp,62.612
Korea Rep.,Asia,1972,pop,33505000.0
Korea Rep.,Asia,1977,gdpPercap,4657.22102
Korea Rep.,Asia,1977,lifeExp,64.766
Korea Rep.,Asia,1977,pop,36436000.0
Korea Rep.,Asia,1982,gdpPercap,5622.942464
Korea Rep.,Asia,1982,lifeExp,67.123
Korea Rep.,Asia,1982,pop,39326000.0
Korea Rep.,Asia,1987,gdpPercap,8533.088805
Korea Rep.,Asia,1987,lifeExp,69.81
Korea Rep.,Asia,1987,pop,41622000.0
Korea Rep.,Asia,1992,gdpPercap,12104.27872
Korea Rep.,Asia,1992,lifeExp,72.244
Korea Rep.,Asia,1992,pop,43805450.0
Korea Rep.,Asia,1997,gdpPercap,15993.52796
Korea Rep.,Asia,1997,lifeExp,74.647
Korea Rep.,Asia,1997,pop,46173816.0
Korea Rep.,Asia,2002,gdpPercap,19233.98818
Korea Rep.,Asia,2002,lifeExp,77.045
Korea Rep.,Asia,2002,pop,47969150.0
Korea Rep.,Asia,2007,gdpPercap,23348.13973
Korea Rep.,Asia,2007,lifeExp,78.623
Korea Rep.,Asia,2007,pop,49044790.0
Kuwait,Asia,1952,gdpPercap,108382.3529
Kuwait,Asia,1952,lifeExp,55.565
Kuwait,Asia,1952,pop,160000.0
Kuwait,Asia,1957,gdpPercap,113523.1329
Kuwait,Asia,1957,lifeExp,58.033
Kuwait,Asia,1957,pop,212846.0
Kuwait,Asia,1962,gdpPercap,95458.11176
Kuwait,Asia,1962,lifeExp,60.47
Kuwait,Asia,1962,pop,358266.0
Kuwait,Asia,1967,gdpPercap,80894.88326
Kuwait,Asia,1967,lifeExp,64.624
Kuwait,Asia,1967,pop,575003.0
Kuwait,Asia,1972,gdpPercap,109347.867
Kuwait,Asia,1972,lifeExp,67.712
Kuwait,Asia,1972,pop,841934.0
Kuwait,Asia,1977,gdpPercap,59265.47714
Kuwait,Asia,1977,lifeExp,69.343
Kuwait,Asia,1977,pop,1140357.0
Kuwait,Asia,1982,gdpPercap,31354.03573
Kuwait,Asia,1982,lifeExp,71.309
Kuwait,Asia,1982,pop,1497494.0
Kuwait,Asia,1987,gdpPercap,28118.42998
Kuwait,Asia,1987,lifeExp,74.174
Kuwait,Asia,1987,pop,1891487.0
Kuwait,Asia,1992,gdpPercap,34932.91959
Kuwait,Asia,1992,lifeExp,75.19
Kuwait,Asia,1992,pop,1418095.0
Kuwait,Asia,1997,gdpPercap,40300.61996
Kuwait,Asia,1997,lifeExp,76.156
Kuwait,Asia,1997,pop,1765345.0
Kuwait,Asia,2002,gdpPercap,35110.10566
Kuwait,Asia,2002,lifeExp,76.904
Kuwait,Asia,2002,pop,2111561.0
Kuwait,Asia,2007,gdpPercap,47306.98978
Kuwait,Asia,2007,lifeExp,77.588
Kuwait,Asia,2007,pop,2505559.0
Lebanon,Asia,1952,gdpPercap,4834.804067
Lebanon,Asia,1952,lifeExp,55.928
Lebanon,Asia,1952,pop,1439529.0
Lebanon,Asia,1957,gdpPercap,6089.786934
Lebanon,Asia,1957,lifeExp,59.489
Lebanon,Asia,1957,pop,1647412.0
Lebanon,Asia,1962,gdpPercap,5714.560611
Lebanon,Asia,1962,lifeExp,62.094
Lebanon,Asia,1962,pop,1886848.0
Lebanon,Asia,1967,gdpPercap,6006.983042
Lebanon,Asia,1967,lifeExp,63.87
Lebanon,Asia,1967,pop,2186894.0
Lebanon,Asia,1972,gdpPercap,7486.384341
Lebanon,Asia,1972,lifeExp,65.421
Lebanon,Asia,1972,pop,2680018.0
Lebanon,Asia,1977,gdpPercap,8659.696836
Lebanon,Asia,1977,lifeExp,66.099
Lebanon,Asia,1977,pop,3115787.0
Lebanon,Asia,1982,gdpPercap,7640.519521
Lebanon,Asia,1982,lifeExp,66.983
Lebanon,Asia,1982,pop,3086876.0
Lebanon,Asia,1987,gdpPercap,5377.091329
Lebanon,Asia,1987,lifeExp,67.926
Lebanon,Asia,1987,pop,3089353.0
Lebanon,Asia,1992,gdpPercap,6890.806854
Lebanon,Asia,1992,lifeExp,69.292
Lebanon,Asia,1992,pop,3219994.0
Lebanon,Asia,1997,gdpPercap,8754.96385
Lebanon,Asia,1997,lifeExp,70.265
Lebanon,Asia,1997,pop,3430388.0
Lebanon,Asia,2002,gdpPercap,9313.93883
Lebanon,Asia,2002,lifeExp,71.028
Lebanon,Asia,2002,pop,3677780.0
Lebanon,Asia,2007,gdpPercap,10461.05868
Lebanon,Asia,2007,lifeExp,71.993
Lebanon,Asia,2007,pop,3921278.0
Malaysia,Asia,1952,gdpPercap,1831.132894
Malaysia,Asia,1952,lifeExp,48.463
Malaysia,Asia,1952,pop,6748378.0
Malaysia,Asia,1957,gdpPercap,1810.066992
Malaysia,Asia,1957,lifeExp,52.102
Malaysia,Asia,1957,pop,7739235.0
Malaysia,Asia,1962,gdpPercap,2036.884944
Malaysia,Asia,1962,lifeExp,55.737
Malaysia,Asia,1962,pop,8906385.0
Malaysia,Asia,1967,gdpPercap,2277.742396
Malaysia,Asia,1967,lifeExp,59.371
Malaysia,Asia,1967,pop,10154878.0
Malaysia,Asia,1972,gdpPercap,2849.09478
Malaysia,Asia,1972,lifeExp,63.01
Malaysia,Asia,1972,pop,11441462.0
Malaysia,Asia,1977,gdpPercap,3827.921571
Malaysia,Asia,1977,lifeExp,65.256
Malaysia,Asia,1977,pop,12845381.0
Malaysia,Asia,1982,gdpPercap,4920.355951
Malaysia,Asia,1982,lifeExp,68.0
Malaysia,Asia,1982,pop,14441916.0
Malaysia,Asia,1987,gdpPercap,5249.802653
Malaysia,Asia,1987,lifeExp,69.5
Malaysia,Asia,1987,pop,16331785.0
Malaysia,Asia,1992,gdpPercap,7277.912802
Malaysia,Asia,1992,lifeExp,70.693
Malaysia,Asia,1992,pop,18319502.0
Malaysia,Asia,1997,gdpPercap,10132.90964
Malaysia,Asia,1997,lifeExp,71.938
Malaysia,Asia,1997,pop,20476091.0
Malaysia,Asia,2002,gdpPercap,10206.97794
Malaysia,Asia,2002,lifeExp,73.044
Malaysia,Asia,2002,pop,22662365.0
Malaysia,Asia,2007,gdpPercap,12451.6558
Malaysia,Asia,2007,lifeExp,74.241
Malaysia,Asia,2007,pop,24821286.0
Mongolia,Asia,1952,gdpPercap,786.5668575
Mongolia,Asia,1952,lifeExp,42.244
Mongolia,Asia,1952,pop,800663.0
Mongolia,Asia,1957,gdpPercap,912.6626085
Mongolia,Asia,1957,lifeExp,45.248
Mongolia,Asia,1957,pop,882134.0
Mongolia,Asia,1962,gdpPercap,1056.353958
Mongolia,Asia,1962,lifeExp,48.251
Mongolia,Asia,1962,pop,1010280.0
Mongolia,Asia,1967,gdpPercap,1226.04113
Mongolia,Asia,1967,lifeExp,51.253
Mongolia,Asia,1967,pop,1149500.0
Mongolia,Asia,1972,gdpPercap,1421.741975
Mongolia,Asia,1972,lifeExp,53.754
Mongolia,Asia,1972,pop,1320500.0
Mongolia,Asia,1977,gdpPercap,1647.511665
Mongolia,Asia,1977,lifeExp,55.491
Mongolia,Asia,1977,pop,1528000.0
Mongolia,Asia,1982,gdpPercap,2000.603139
Mongolia,Asia,1982,lifeExp,57.489
Mongolia,Asia,1982,pop,1756032.0
Mongolia,Asia,1987,gdpPercap,2338.008304
Mongolia,Asia,1987,lifeExp,60.222
Mongolia,Asia,1987,pop,2015133.0
Mongolia,Asia,1992,gdpPercap,1785.402016
Mongolia,Asia,1992,lifeExp,61.271
Mongolia,Asia,1992,pop,2312802.0
Mongolia,Asia,1997,gdpPercap,1902.2521
Mongolia,Asia,1997,lifeExp,63.625
Mongolia,Asia,1997,pop,2494803.0
Mongolia,Asia,2002,gdpPercap,2140.739323
Mongolia,Asia,2002,lifeExp,65.033
Mongolia,Asia,2002,pop,2674234.0
Mongolia,Asia,2007,gdpPercap,3095.772271
Mongolia,Asia,2007,lifeExp,66.803
Mongolia,Asia,2007,pop,2874127.0
Myanmar,Asia,1952,gdpPercap,331.0
Myanmar,Asia,1952,lifeExp,36.319
Myanmar,Asia,1952,pop,20092996.0
Myanmar,Asia,1957,gdpPercap,350.0
Myanmar,Asia,1957,lifeExp,41.905
Myanmar,Asia,1957,pop,21731844.0
Myanmar,Asia,1962,gdpPercap,388.0
Myanmar,Asia,1962,lifeExp,45.108
Myanmar,Asia,1962,pop,23634436.0
Myanmar,Asia,1967,gdpPercap,349.0
Myanmar,Asia,1967,lifeExp,49.379
Myanmar,Asia,1967,pop,25870271.0
Myanmar,Asia,1972,gdpPercap,357.0
Myanmar,Asia,1972,lifeExp,53.07
Myanmar,Asia,1972,pop,28466390.0
Myanmar,Asia,1977,gdpPercap,371.0
Myanmar,Asia,1977,lifeExp,56.059
Myanmar,Asia,1977,pop,31528087.0
Myanmar,Asia,1982,gdpPercap,424.0
Myanmar,Asia,1982,lifeExp,58.056
Myanmar,Asia,1982,pop,34680442.0
Myanmar,Asia,1987,gdpPercap,385.0
Myanmar,Asia,1987,lifeExp,58.339
Myanmar,Asia,1987,pop,38028578.0
Myanmar,Asia,1992,gdpPercap,347.0
Myanmar,Asia,1992,lifeExp,59.32
Myanmar,Asia,1992,pop,40546538.0
Myanmar,Asia,1997,gdpPercap,415.0
Myanmar,Asia,1997,lifeExp,60.328
Myanmar,Asia,1997,pop,43247867.0
Myanmar,Asia,2002,gdpPercap,611.0
Myanmar,Asia,2002,lifeExp,59.908
Myanmar,Asia,2002,pop,45598081.0
Myanmar,Asia,2007,gdpPercap,944.0
Myanmar,Asia,2007,lifeExp,62.069
Myanmar,Asia,2007,pop,47761980.0
Nepal,Asia,1952,gdpPercap,545.8657229
Nepal,Asia,1952,lifeExp,36.157
Nepal,Asia,1952,pop,9182536.0
Nepal,Asia,1957,gdpPercap,597.9363558
Nepal,Asia,1957,lifeExp,37.686
Nepal,Asia,1957,pop,9682338.0
Nepal,Asia,1962,gdpPercap,652.3968593
Nepal,Asia,1962,lifeExp,39.393
Nepal,Asia,1962,pop,10332057.0
Nepal,Asia,1967,gdpPercap,676.4422254
Nepal,Asia,1967,lifeExp,41.472
Nepal,Asia,1967,pop,11261690.0
Nepal,Asia,1972,gdpPercap,674.7881296
Nepal,Asia,1972,lifeExp,43.971
Nepal,Asia,1972,pop,12412593.0
Nepal,Asia,1977,gdpPercap,694.1124398
Nepal,Asia,1977,lifeExp,46.748
Nepal,Asia,1977,pop,13933198.0
Nepal,Asia,1982,gdpPercap,718.3730947
Nepal,Asia,1982,lifeExp,49.594
Nepal,Asia,1982,pop,15796314.0
Nepal,Asia,1987,gdpPercap,775.6324501
Nepal,Asia,1987,lifeExp,52.537
Nepal,Asia,1987,pop,17917180.0
Nepal,Asia,1992,gdpPercap,897.7403604
Nepal,Asia,1992,lifeExp,55.727
Nepal,Asia,1992,pop,20326209.0
Nepal,Asia,1997,gdpPercap,1010.892138
Nepal,Asia,1997,lifeExp,59.426
Nepal,Asia,1997,pop,23001113.0
Nepal,Asia,2002,gdpPercap,1057.206311
Nepal,Asia,2002,lifeExp,61.34
Nepal,Asia,2002,pop,25873917.0
Nepal,Asia,2007,gdpPercap,1091.359778
Nepal,Asia,2007,lifeExp,63.785
Nepal,Asia,2007,pop,28901790.0
Oman,Asia,1952,gdpPercap,1828.230307
Oman,Asia,1952,lifeExp,37.578
Oman,Asia,1952,pop,507833.0
Oman,Asia,1957,gdpPercap,2242.746551
Oman,Asia,1957,lifeExp,40.08
Oman,Asia,1957,pop,561977.0
Oman,Asia,1962,gdpPercap,2924.638113
Oman,Asia,1962,lifeExp,43.165
Oman,Asia,1962,pop,628164.0
Oman,Asia,1967,gdpPercap,4720.942687
Oman,Asia,1967,lifeExp,46.988
Oman,Asia,1967,pop,714775.0
Oman,Asia,1972,gdpPercap,10618.03855
Oman,Asia,1972,lifeExp,52.143
Oman,Asia,1972,pop,829050.0
Oman,Asia,1977,gdpPercap,11848.34392
Oman,Asia,1977,lifeExp,57.367
Oman,Asia,1977,pop,1004533.0
Oman,Asia,1982,gdpPercap,12954.79101
Oman,Asia,1982,lifeExp,62.728
Oman,Asia,1982,pop,1301048.0
Oman,Asia,1987,gdpPercap,18115.22313
Oman,Asia,1987,lifeExp,67.734
Oman,Asia,1987,pop,1593882.0
Oman,Asia,1992,gdpPercap,18616.70691
Oman,Asia,1992,lifeExp,71.197
Oman,Asia,1992,pop,1915208.0
Oman,Asia,1997,gdpPercap,19702.05581
Oman,Asia,1997,lifeExp,72.499
Oman,Asia,1997,pop,2283635.0
Oman,Asia,2002,gdpPercap,19774.83687
Oman,Asia,2002,lifeExp,74.193
Oman,Asia,2002,pop,2713462.0
Oman,Asia,2007,gdpPercap,22316.19287
Oman,Asia,2007,lifeExp,75.64
Oman,Asia,2007,pop,3204897.0
Pakistan,Asia,1952,gdpPercap,684.5971438
Pakistan,Asia,1952,lifeExp,43.436
Pakistan,Asia,1952,pop,41346560.0
Pakistan,Asia,1957,gdpPercap,747.0835292
Pakistan,Asia,1957,lifeExp,45.557
Pakistan,Asia,1957,pop,46679944.0
Pakistan,Asia,1962,gdpPercap,803.3427418
Pakistan,Asia,1962,lifeExp,47.67
Pakistan,Asia,1962,pop,53100671.0
Pakistan,Asia,1967,gdpPercap,942.4082588
Pakistan,Asia,1967,lifeExp,49.8
Pakistan,Asia,1967,pop,60641899.0
Pakistan,Asia,1972,gdpPercap,1049.938981
Pakistan,Asia,1972,lifeExp,51.929
Pakistan,Asia,1972,pop,69325921.0
Pakistan,Asia,1977,gdpPercap,1175.921193
Pakistan,Asia,1977,lifeExp,54.043
Pakistan,Asia,1977,pop,78152686.0
Pakistan,Asia,1982,gdpPercap,1443.429832
Pakistan,Asia,1982,lifeExp,56.158
Pakistan,Asia,1982,pop,91462088.0
Pakistan,Asia,1987,gdpPercap,1704.686583
Pakistan,Asia,1987,lifeExp,58.245
Pakistan,Asia,1987,pop,105186881.0
Pakistan,Asia,1992,gdpPercap,1971.829464
Pakistan,Asia,1992,lifeExp,60.838
Pakistan,Asia,1992,pop,120065004.0
Pakistan,Asia,1997,gdpPercap,2049.350521
Pakistan,Asia,1997,lifeExp,61.818
Pakistan,Asia,1997,pop,135564834.0
Pakistan,Asia,2002,gdpPercap,2092.712441
Pakistan,Asia,2002,lifeExp,63.61
Pakistan,Asia,2002,pop,153403524.0
Pakistan,Asia,2007,gdpPercap,2605.94758
Pakistan,Asia,2007,lifeExp,65.483
Pakistan,Asia,2007,pop,169270617.0
Philippines,Asia,1952,gdpPercap,1272.880995
Philippines,Asia,1952,lifeExp,47.752
Philippines,Asia,1952,pop,22438691.0
Philippines,Asia,1957,gdpPercap,1547.944844
Philippines,Asia,1957,lifeExp,51.334
Philippines,Asia,1957,pop,26072194.0
Philippines,Asia,1962,gdpPercap,1649.552153
Philippines,Asia,1962,lifeExp,54.757
Philippines,Asia,1962,pop,30325264.0
Philippines,Asia,1967,gdpPercap,1814.12743
Philippines,Asia,1967,lifeExp,56.393
Philippines,Asia,1967,pop,35356600.0
Philippines,Asia,1972,gdpPercap,1989.37407
Philippines,Asia,1972,lifeExp,58.065
Philippines,Asia,1972,pop,40850141.0
Philippines,Asia,1977,gdpPercap,2373.204287
Philippines,Asia,1977,lifeExp,60.06
Philippines,Asia,1977,pop,46850962.0
Philippines,Asia,1982,gdpPercap,2603.273765
Philippines,Asia,1982,lifeExp,62.082
Philippines,Asia,1982,pop,53456774.0
Philippines,Asia,1987,gdpPercap,2189.634995
Philippines,Asia,1987,lifeExp,64.151
Philippines,Asia,1987,pop,60017788.0
Philippines,Asia,1992,gdpPercap,2279.324017
Philippines,Asia,1992,lifeExp,66.458
Philippines,Asia,1992,pop,67185766.0
Philippines,Asia,1997,gdpPercap,2536.534925
Philippines,Asia,1997,lifeExp,68.564
Philippines,Asia,1997,pop,75012988.0
Philippines,Asia,2002,gdpPercap,2650.921068
Philippines,Asia,2002,lifeExp,70.303
Philippines,Asia,2002,pop,82995088.0
Philippines,Asia,2007,gdpPercap,3190.481016
Philippines,Asia,2007,lifeExp,71.688
Philippines,Asia,2007,pop,91077287.0
Saudi Arabia,Asia,1952,gdpPercap,6459.554823
Saudi Arabia,Asia,1952,lifeExp,39.875
Saudi Arabia,Asia,1952,pop,4005677.0
Saudi Arabia,Asia,1957,gdpPercap,8157.591248
Saudi Arabia,Asia,1957,lifeExp,42.868
Saudi Arabia,Asia,1957,pop,4419650.0
Saudi Arabia,Asia,1962,gdpPercap,11626.41975
Saudi Arabia,Asia,1962,lifeExp,45.914
Saudi Arabia,Asia,1962,pop,4943029.0
Saudi Arabia,Asia,1967,gdpPercap,16903.04886
Saudi Arabia,Asia,1967,lifeExp,49.901
Saudi Arabia,Asia,1967,pop,5618198.0
Saudi Arabia,Asia,1972,gdpPercap,24837.42865
Saudi Arabia,Asia,1972,lifeExp,53.886
Saudi Arabia,Asia,1972,pop,6472756.0
Saudi Arabia,Asia,1977,gdpPercap,34167.7626
Saudi Arabia,Asia,1977,lifeExp,58.69
Saudi Arabia,Asia,1977,pop,8128505.0
Saudi Arabia,Asia,1982,gdpPercap,33693.17525
Saudi Arabia,Asia,1982,lifeExp,63.012
Saudi Arabia,Asia,1982,pop,11254672.0
Saudi Arabia,Asia,1987,gdpPercap,21198.26136
Saudi Arabia,Asia,1987,lifeExp,66.295
Saudi Arabia,Asia,1987,pop,14619745.0
Saudi Arabia,Asia,1992,gdpPercap,24841.61777
Saudi Arabia,Asia,1992,lifeExp,68.768
Saudi Arabia,Asia,1992,pop,16945857.0
Saudi Arabia,Asia,1997,gdpPercap,20586.69019
Saudi Arabia,Asia,1997,lifeExp,70.533
Saudi Arabia,Asia,1997,pop,21229759.0
Saudi Arabia,Asia,2002,gdpPercap,19014.54118
Saudi Arabia,Asia,2002,lifeExp,71.626
Saudi Arabia,Asia,2002,pop,24501530.0
Saudi Arabia,Asia,2007,gdpPercap,21654.83194
Saudi Arabia,Asia,2007,lifeExp,72.777
Saudi Arabia,Asia,2007,pop,27601038.0
Singapore,Asia,1952,gdpPercap,2315.138227
Singapore,Asia,1952,lifeExp,60.396
Singapore,Asia,1952,pop,1127000.0
Singapore,Asia,1957,gdpPercap,2843.104409
Singapore,Asia,1957,lifeExp,63.179
Singapore,Asia,1957,pop,1445929.0
Singapore,Asia,1962,gdpPercap,3674.735572
Singapore,Asia,1962,lifeExp,65.798
Singapore,Asia,1962,pop,1750200.0
Singapore,Asia,1967,gdpPercap,4977.41854
Singapore,Asia,1967,lifeExp,67.946
Singapore,Asia,1967,pop,1977600.0
Singapore,Asia,1972,gdpPercap,8597.756202
Singapore,Asia,1972,lifeExp,69.521
Singapore,Asia,1972,pop,2152400.0
Singapore,Asia,1977,gdpPercap,11210.08948
Singapore,Asia,1977,lifeExp,70.795
Singapore,Asia,1977,pop,2325300.0
Singapore,Asia,1982,gdpPercap,15169.16112
Singapore,Asia,1982,lifeExp,71.76
Singapore,Asia,1982,pop,2651869.0
Singapore,Asia,1987,gdpPercap,18861.53081
Singapore,Asia,1987,lifeExp,73.56
Singapore,Asia,1987,pop,2794552.0
Singapore,Asia,1992,gdpPercap,24769.8912
Singapore,Asia,1992,lifeExp,75.788
Singapore,Asia,1992,pop,3235865.0
Singapore,Asia,1997,gdpPercap,33519.4766
Singapore,Asia,1997,lifeExp,77.158
Singapore,Asia,1997,pop,3802309.0
Singapore,Asia,2002,gdpPercap,36023.1054
Singapore,Asia,2002,lifeExp,78.77
Singapore,Asia,2002,pop,4197776.0
Singapore,Asia,2007,gdpPercap,47143.17964
Singapore,Asia,2007,lifeExp,79.972
Singapore,Asia,2007,pop,4553009.0
Sri Lanka,Asia,1952,gdpPercap,1083.53203
Sri Lanka,Asia,1952,lifeExp,57.593
Sri Lanka,Asia,1952,pop,7982342.0
Sri Lanka,Asia,1957,gdpPercap,1072.546602
Sri Lanka,Asia,1957,lifeExp,61.456
Sri Lanka,Asia,1957,pop,9128546.0
Sri Lanka,Asia,1962,gdpPercap,1074.47196
Sri Lanka,Asia,1962,lifeExp,62.192
Sri Lanka,Asia,1962,pop,10421936.0
Sri Lanka,Asia,1967,gdpPercap,1135.514326
Sri Lanka,Asia,1967,lifeExp,64.266
Sri Lanka,Asia,1967,pop,11737396.0
Sri Lanka,Asia,1972,gdpPercap,1213.39553
Sri Lanka,Asia,1972,lifeExp,65.042
Sri Lanka,Asia,1972,pop,13016733.0
Sri Lanka,Asia,1977,gdpPercap,1348.775651
Sri Lanka,Asia,1977,lifeExp,65.949
Sri Lanka,Asia,1977,pop,14116836.0
Sri Lanka,Asia,1982,gdpPercap,1648.079789
Sri Lanka,Asia,1982,lifeExp,68.757
Sri Lanka,Asia,1982,pop,15410151.0
Sri Lanka,Asia,1987,gdpPercap,1876.766827
Sri Lanka,Asia,1987,lifeExp,69.011
Sri Lanka,Asia,1987,pop,16495304.0
Sri Lanka,Asia,1992,gdpPercap,2153.739222
Sri Lanka,Asia,1992,lifeExp,70.379
Sri Lanka,Asia,1992,pop,17587060.0
Sri Lanka,Asia,1997,gdpPercap,2664.477257
Sri Lanka,Asia,1997,lifeExp,70.457
Sri Lanka,Asia,1997,pop,18698655.0
Sri Lanka,Asia,2002,gdpPercap,3015.378833
Sri Lanka,Asia,2002,lifeExp,70.815
Sri Lanka,Asia,2002,pop,19576783.0
Sri Lanka,Asia,2007,gdpPercap,3970.095407
Sri Lanka,Asia,2007,lifeExp,72.396
Sri Lanka,Asia,2007,pop,20378239.0
Syria,Asia,1952,gdpPercap,1643.485354
Syria,Asia,1952,lifeExp,45.883
Syria,Asia,1952,pop,3661549.0
Syria,Asia,1957,gdpPercap,2117.234893
Syria,Asia,1957,lifeExp,48.284
Syria,Asia,1957,pop,4149908.0
Syria,Asia,1962,gdpPercap,2193.037133
Syria,Asia,1962,lifeExp,50.305
Syria,Asia,1962,pop,4834621.0
Syria,Asia,1967,gdpPercap,1881.923632
Syria,Asia,1967,lifeExp,53.655
Syria,Asia,1967,pop,5680812.0
Syria,Asia,1972,gdpPercap,2571.423014
Syria,Asia,1972,lifeExp,57.296
Syria,Asia,1972,pop,6701172.0
Syria,Asia,1977,gdpPercap,3195.484582
Syria,Asia,1977,lifeExp,61.195
Syria,Asia,1977,pop,7932503.0
Syria,Asia,1982,gdpPercap,3761.837715
Syria,Asia,1982,lifeExp,64.59
Syria,Asia,1982,pop,9410494.0
Syria,Asia,1987,gdpPercap,3116.774285
Syria,Asia,1987,lifeExp,66.974
Syria,Asia,1987,pop,11242847.0
Syria,Asia,1992,gdpPercap,3340.542768
Syria,Asia,1992,lifeExp,69.249
Syria,Asia,1992,pop,13219062.0
Syria,Asia,1997,gdpPercap,4014.238972
Syria,Asia,1997,lifeExp,71.527
Syria,Asia,1997,pop,15081016.0
Syria,Asia,2002,gdpPercap,4090.925331
Syria,Asia,2002,lifeExp,73.053
Syria,Asia,2002,pop,17155814.0
Syria,Asia,2007,gdpPercap,4184.548089
Syria,Asia,2007,lifeExp,74.143
Syria,Asia,2007,pop,19314747.0
Taiwan,Asia,1952,gdpPercap,1206.947913
Taiwan,Asia,1952,lifeExp,58.5
Taiwan,Asia,1952,pop,8550362.0
Taiwan,Asia,1957,gdpPercap,1507.86129
Taiwan,Asia,1957,lifeExp,62.4
Taiwan,Asia,1957,pop,10164215.0
Taiwan,Asia,1962,gdpPercap,1822.879028
Taiwan,Asia,1962,lifeExp,65.2
Taiwan,Asia,1962,pop,11918938.0
Taiwan,Asia,1967,gdpPercap,2643.858681
Taiwan,Asia,1967,lifeExp,67.5
Taiwan,Asia,1967,pop,13648692.0
Taiwan,Asia,1972,gdpPercap,4062.523897
Taiwan,Asia,1972,lifeExp,69.39
Taiwan,Asia,1972,pop,15226039.0
Taiwan,Asia,1977,gdpPercap,5596.519826
Taiwan,Asia,1977,lifeExp,70.59
Taiwan,Asia,1977,pop,16785196.0
Taiwan,Asia,1982,gdpPercap,7426.354774
Taiwan,Asia,1982,lifeExp,72.16
Taiwan,Asia,1982,pop,18501390.0
Taiwan,Asia,1987,gdpPercap,11054.56175
Taiwan,Asia,1987,lifeExp,73.4
Taiwan,Asia,1987,pop,19757799.0
Taiwan,Asia,1992,gdpPercap,15215.6579
Taiwan,Asia,1992,lifeExp,74.26
Taiwan,Asia,1992,pop,20686918.0
Taiwan,Asia,1997,gdpPercap,20206.82098
Taiwan,Asia,1997,lifeExp,75.25
Taiwan,Asia,1997,pop,21628605.0
Taiwan,Asia,2002,gdpPercap,23235.42329
Taiwan,Asia,2002,lifeExp,76.99
Taiwan,Asia,2002,pop,22454239.0
Taiwan,Asia,2007,gdpPercap,28718.27684
Taiwan,Asia,2007,lifeExp,78.4
Taiwan,Asia,2007,pop,23174294.0
Thailand,Asia,1952,gdpPercap,757.7974177
Thailand,Asia,1952,lifeExp,50.848
Thailand,Asia,1952,pop,21289402.0
Thailand,Asia,1957,gdpPercap,793.5774148
Thailand,Asia,1957,lifeExp,53.63
Thailand,Asia,1957,pop,25041917.0
Thailand,Asia,1962,gdpPercap,1002.199172
Thailand,Asia,1962,lifeExp,56.061
Thailand,Asia,1962,pop,29263397.0
Thailand,Asia,1967,gdpPercap,1295.46066
Thailand,Asia,1967,lifeExp,58.285
Thailand,Asia,1967,pop,34024249.0
Thailand,Asia,1972,gdpPercap,1524.358936
Thailand,Asia,1972,lifeExp,60.405
Thailand,Asia,1972,pop,39276153.0
Thailand,Asia,1977,gdpPercap,1961.224635
Thailand,Asia,1977,lifeExp,62.494
Thailand,Asia,1977,pop,44148285.0
Thailand,Asia,1982,gdpPercap,2393.219781
Thailand,Asia,1982,lifeExp,64.597
Thailand,Asia,1982,pop,48827160.0
Thailand,Asia,1987,gdpPercap,2982.653773
Thailand,Asia,1987,lifeExp,66.084
Thailand,Asia,1987,pop,52910342.0
Thailand,Asia,1992,gdpPercap,4616.896545
Thailand,Asia,1992,lifeExp,67.298
Thailand,Asia,1992,pop,56667095.0
Thailand,Asia,1997,gdpPercap,5852.625497
Thailand,Asia,1997,lifeExp,67.521
Thailand,Asia,1997,pop,60216677.0
Thailand,Asia,2002,gdpPercap,5913.187529
Thailand,Asia,2002,lifeExp,68.564
Thailand,Asia,2002,pop,62806748.0
Thailand,Asia,2007,gdpPercap,7458.396327
Thailand,Asia,2007,lifeExp,70.616
Thailand,Asia,2007,pop,65068149.0
Vietnam,Asia,1952,gdpPercap,605.0664917
Vietnam,Asia,1952,lifeExp,40.412
Vietnam,Asia,1952,pop,26246839.0
Vietnam,Asia,1957,gdpPercap,676.2854478
Vietnam,Asia,1957,lifeExp,42.887
Vietnam,Asia,1957,pop,28998543.0
Vietnam,Asia,1962,gdpPercap,772.0491602
Vietnam,Asia,1962,lifeExp,45.363
Vietnam,Asia,1962,pop,33796140.0
Vietnam,Asia,1967,gdpPercap,637.1232887
Vietnam,Asia,1967,lifeExp,47.838
Vietnam,Asia,1967,pop,39463910.0
Vietnam,Asia,1972,gdpPercap,699.5016441
Vietnam,Asia,1972,lifeExp,50.254
Vietnam,Asia,1972,pop,44655014.0
Vietnam,Asia,1977,gdpPercap,713.5371196
Vietnam,Asia,1977,lifeExp,55.764
Vietnam,Asia,1977,pop,50533506.0
Vietnam,Asia,1982,gdpPercap,707.2357863
Vietnam,Asia,1982,lifeExp,58.816
Vietnam,Asia,1982,pop,56142181.0
Vietnam,Asia,1987,gdpPercap,820.7994449
Vietnam,Asia,1987,lifeExp,62.82
Vietnam,Asia,1987,pop,62826491.0
Vietnam,Asia,1992,gdpPercap,989.0231487
Vietnam,Asia,1992,lifeExp,67.662
Vietnam,Asia,1992,pop,69940728.0
Vietnam,Asia,1997,gdpPercap,1385.896769
Vietnam,Asia,1997,lifeExp,70.672
Vietnam,Asia,1997,pop,76048996.0
Vietnam,Asia,2002,gdpPercap,1764.456677
Vietnam,Asia,2002,lifeExp,73.017
Vietnam,Asia,2002,pop,80908147.0
Vietnam,Asia,2007,gdpPercap,2441.576404
Vietnam,Asia,2007,lifeExp,74.249
Vietnam,Asia,2007,pop,85262356.0
West Bank and Gaza,Asia,1952,gdpPercap,1515.592329
West Bank and Gaza,Asia,1952,lifeExp,43.16
West Bank and Gaza,Asia,1952,pop,1030585.0
West Bank and Gaza,Asia,1957,gdpPercap,1827.067742
West Bank and Gaza,Asia,1957,lifeExp,45.671
West Bank and Gaza,Asia,1957,pop,1070439.0
West Bank and Gaza,Asia,1962,gdpPercap,2198.956312
West Bank and Gaza,Asia,1962,lifeExp,48.127
West Bank and Gaza,Asia,1962,pop,1133134.0
West Bank and Gaza,Asia,1967,gdpPercap,2649.715007
West Bank and Gaza,Asia,1967,lifeExp,51.631
West Bank and Gaza,Asia,1967,pop,1142636.0
West Bank and Gaza,Asia,1972,gdpPercap,3133.409277
West Bank and Gaza,Asia,1972,lifeExp,56.532
West Bank and Gaza,Asia,1972,pop,1089572.0
West Bank and Gaza,Asia,1977,gdpPercap,3682.831494
West Bank and Gaza,Asia,1977,lifeExp,60.765
West Bank and Gaza,Asia,1977,pop,1261091.0
West Bank and Gaza,Asia,1982,gdpPercap,4336.032082
West Bank and Gaza,Asia,1982,lifeExp,64.406
West Bank and Gaza,Asia,1982,pop,1425876.0
West Bank and Gaza,Asia,1987,gdpPercap,5107.197384
West Bank and Gaza,Asia,1987,lifeExp,67.046
West Bank and Gaza,Asia,1987,pop,1691210.0
West Bank and Gaza,Asia,1992,gdpPercap,6017.654756
West Bank and Gaza,Asia,1992,lifeExp,69.718
West Bank and Gaza,Asia,1992,pop,2104779.0
West Bank and Gaza,Asia,1997,gdpPercap,7110.667619
West Bank and Gaza,Asia,1997,lifeExp,71.096
West Bank and Gaza,Asia,1997,pop,2826046.0
West Bank and Gaza,Asia,2002,gdpPercap,4515.487575
West Bank and Gaza,Asia,2002,lifeExp,72.37
West Bank and Gaza,Asia,2002,pop,3389578.0
West Bank and Gaza,Asia,2007,gdpPercap,3025.349798
West Bank and Gaza,Asia,2007,lifeExp,73.422
West Bank and Gaza,Asia,2007,pop,4018332.0
Yemen Rep.,Asia,1952,gdpPercap,781.7175761
Yemen Rep.,Asia,1952,lifeExp,32.548
Yemen Rep.,Asia,1952,pop,4963829.0
Yemen Rep.,Asia,1957,gdpPercap,804.8304547
Yemen Rep.,Asia,1957,lifeExp,33.97
Yemen Rep.,Asia,1957,pop,5498090.0
Yemen Rep.,Asia,1962,gdpPercap,825.6232006
Yemen Rep.,Asia,1962,lifeExp,35.18
Yemen Rep.,Asia,1962,pop,6120081.0
Yemen Rep.,Asia,1967,gdpPercap,862.4421463
Yemen Rep.,Asia,1967,lifeExp,36.984
Yemen Rep.,Asia,1967,pop,6740785.0
Yemen Rep.,Asia,1972,gdpPercap,1265.047031
Yemen Rep.,Asia,1972,lifeExp,39.848
Yemen Rep.,Asia,1972,pop,7407075.0
Yemen Rep.,Asia,1977,gdpPercap,1829.765177
Yemen Rep.,Asia,1977,lifeExp,44.175
Yemen Rep.,Asia,1977,pop,8403990.0
Yemen Rep.,Asia,1982,gdpPercap,1977.55701
Yemen Rep.,Asia,1982,lifeExp,49.113
Yemen Rep.,Asia,1982,pop,9657618.0
Yemen Rep.,Asia,1987,gdpPercap,1971.741538
Yemen Rep.,Asia,1987,lifeExp,52.922
Yemen Rep.,Asia,1987,pop,11219340.0
Yemen Rep.,Asia,1992,gdpPercap,1879.496673
Yemen Rep.,Asia,1992,lifeExp,55.599
Yemen Rep.,Asia,1992,pop,13367997.0
Yemen Rep.,Asia,1997,gdpPercap,2117.484526
Yemen Rep.,Asia,1997,lifeExp,58.02
Yemen Rep.,Asia,1997,pop,15826497.0
Yemen Rep.,Asia,2002,gdpPercap,2234.820827
Yemen Rep.,Asia,2002,lifeExp,60.308
Yemen Rep.,Asia,2002,pop,18701257.0
Yemen Rep.,Asia,2007,gdpPercap,2280.769906
Yemen Rep.,Asia,2007,lifeExp,62.698
Yemen Rep.,Asia,2007,pop,22211743.0
